profile_id,hits_identified
PRS1234607,15
PRS1234642,46
PRS1234724,318
PRS1234746,341
PRS1234752,181
PRS1234857,110
PRS1234881,1484
PRS1234906,281
PRS1234918,460
PRS1234964,42
PRS1234969,0
PRS1234972,195
PRS1234974,6
PRS1234981,3
PRS1234991,226
PRS1235034,13
PRS1235197,91
PRS1235335,151
PRS1235341,55
PRS1235358,91
PRS1235368,474
PRS1235469,710
PRS1235533,232
PRS1235542,136
PRS1235553,752
PRS1235556,19
PRS1235562,147
PRS1235586,43
PRS1235589,16
PRS1235633,0
PRS1235684,2
PRS1235712,0
PRS1235717,35
PRS1235743,59
PRS1235818,320
PRS1235884,36
PRS1235945,94
PRS1235964,35
PRS1235986,43
PRS1236108,127
PRS1236143,166
PRS1236147,2382
PRS1236170,5
PRS1236172,3
PRS1236173,222
PRS1236199,38
PRS1236301,4
PRS1236316,137
PRS1236321,198
PRS1236328,55
PRS1236341,1629
PRS1236356,35
PRS1236374,352
PRS1236425,179
PRS1236529,13
PRS1236555,61
PRS1236628,73
PRS1236634,0
PRS1236683,105
PRS1236697,293
PRS1236716,822
PRS1236718,87
PRS1236719,306
PRS1236728,3
PRS1236762,142
PRS1236791,2
PRS1236793,273
PRS1236819,16
PRS1236829,1158
PRS1236841,86
PRS1236859,10
PRS1236869,1
PRS1236874,131
PRS1236895,6
PRS1236896,207
PRS1236898,41
PRS1236899,58
PRS1236905,0
PRS1236917,4
PRS1236918,0
PRS1236951,3
PRS1236960,19
PRS1236973,50
PRS1236980,306
PRS1236981,19
PRS1236984,3017
PRS1236988,3
PRS1236989,1698
PRS1236990,253
PRS1237019,414
PRS1237021,0
PRS1237046,467
PRS1237073,44
PRS1237076,12
PRS1237098,45
PRS1237099,273
PRS1237104,32
PRS1237116,42
PRS1237120,342
PRS1237122,70
PRS1237123,8
PRS1237125,11
PRS1237132,688
PRS1237133,444
PRS1237137,19
PRS1237143,538
PRS1237176,1
PRS1237178,77
PRS1237206,10
PRS1237210,14
PRS1237212,12
PRS1237213,452
PRS1237214,38
PRS1237216,12
PRS1237217,251
PRS1237218,871
PRS1237220,2312
PRS1237231,54
PRS1237234,66
PRS1237252,9
PRS1237253,10
PRS1237254,9
PRS1237258,68
PRS1237265,87
PRS1237267,89
PRS1237274,8
PRS1237275,59
PRS1237279,8
PRS1237284,43
PRS1237292,21
PRS1237317,76
PRS1237328,0
PRS1237347,77
PRS1237350,31
PRS1237352,101
PRS1237353,155
PRS1237355,26
PRS1237356,15
PRS1237365,103
PRS1237368,30
PRS1237385,13
PRS1237388,146
PRS1237390,16
PRS1237399,1819
PRS1237401,334
PRS1237432,201
PRS1237433,15
PRS1237434,2
PRS1237454,125
PRS1237458,176
PRS1237459,1
PRS1237460,327
PRS1237464,95
PRS1237466,265
PRS1237470,30
PRS1237477,151
PRS1237478,150
PRS1237484,236
PRS1237507,136
PRS1237511,11
PRS1237521,816
PRS1237538,41
PRS1237539,4
PRS1237547,96
PRS1237548,4
PRS1237560,24
PRS1237562,78
PRS1237568,24
PRS1237573,0
PRS1237585,1428
PRS1237592,85
PRS1237602,374
PRS1237621,5
PRS1237643,48
PRS1237645,1
PRS1237646,47
PRS1237650,281
PRS1237674,118
PRS1237686,25
PRS1237690,39
PRS1237697,644
PRS1237698,35
PRS1237747,3
PRS1237753,15
PRS1237777,323
PRS1237781,121
PRS1237784,88
PRS1237803,41
PRS1237812,398
PRS1237818,618
PRS1237824,1
PRS1237826,75
PRS1237846,408
PRS1237850,15
PRS1237854,151
PRS1237856,188
PRS1237861,127
PRS1237870,717
PRS1237874,29
PRS1237875,22
PRS1237888,84
PRS1237893,133
PRS1237904,28
PRS1237911,202
PRS1237916,196
PRS1237917,55
PRS1237928,70
PRS1237930,210
PRS1237950,84
PRS1237952,3
PRS1237957,13
PRS1237961,152
PRS1237979,3
PRS1237989,34
PRS1237993,5
PRS1238010,17
PRS1238013,143
PRS1238015,6
PRS1238044,170
PRS1238045,0
PRS1238054,115
PRS1238058,38
PRS1238059,38
PRS1238077,737
PRS1238093,32
PRS1238106,50
PRS1238117,7
PRS1238123,68
PRS1238127,95
PRS1238144,71
PRS1238171,33
PRS1238188,361
PRS1238191,24
PRS1238197,23
PRS1238215,43
PRS1238221,52
PRS1238223,5
PRS1238234,195
PRS1238237,24
PRS1238240,285
PRS1238242,7
PRS1238251,58
PRS1238258,0
PRS1238287,59
PRS1238291,63
PRS1238313,2
PRS1238315,100
PRS1238345,18
PRS1238349,3
PRS1238351,390
PRS1238356,5
PRS1238363,13
PRS1238368,164
PRS1238369,1059
PRS1238370,31
PRS1238385,99
PRS1238386,2
PRS1238388,129
PRS1238390,31
PRS1238401,16
PRS1238402,52
PRS1238423,52
PRS1238426,2
PRS1238438,20
PRS1238444,5
PRS1238445,331
PRS1238465,195
PRS1238468,359
PRS1238469,1284
PRS1238470,152
PRS1238477,3
PRS1238490,20
PRS1238491,67
PRS1238500,192
PRS1238506,113
PRS1238508,1452
PRS1238516,606
PRS1238523,76
PRS1238525,46
PRS1238531,153
PRS1238532,521
PRS1238535,26
PRS1238536,102
PRS1238537,28
PRS1238540,60
PRS1238542,78
PRS1238547,175
PRS1238548,68
PRS1238559,366
PRS1238565,152
PRS1238569,32
PRS1238578,2
PRS1238586,41
PRS1238598,53
PRS1238606,178
PRS1238607,275
PRS1238614,154
PRS1238616,33
PRS1238619,10
PRS1238625,54
PRS1238628,121
PRS1238629,192
PRS1238641,11
PRS1238645,114
PRS1238652,2
PRS1238695,305
PRS1238720,218
PRS1238755,7
PRS1238760,103
PRS1238774,11
PRS1238778,266
PRS1238783,470
PRS1238787,61
PRS1238815,265
PRS1238816,14
PRS1238824,35
PRS1238836,21
PRS1238842,611
PRS1238850,54
PRS1238853,50
PRS1238880,1
PRS1238887,154
PRS1238898,0
PRS1238908,9
PRS1238911,3
PRS1238917,130
PRS1238918,41
PRS1238921,67
PRS1238924,133
PRS1238926,33
PRS1238928,13
PRS1238930,728
PRS1238935,80
PRS1238938,4
PRS1238941,208
PRS1238947,28
PRS1238948,690
PRS1238949,22
PRS1238952,58
PRS1238960,8
PRS1238962,25
PRS1238963,61
PRS1238966,107
PRS1238967,54
PRS1238969,85
PRS1238973,6
PRS1238975,15
PRS1238984,26
PRS1238987,5
PRS1238993,23
PRS1238999,559
PRS1239001,2
PRS1239002,364
PRS1239003,59
PRS1239008,20
PRS1239009,43
PRS1239017,25
PRS1239019,167
PRS1239023,13
PRS1239030,4
PRS1239037,605
PRS1239039,16
PRS1239043,141
PRS1239044,705
PRS1239047,49
PRS1239052,45
PRS1239055,2
PRS1239058,7
PRS1239064,7
PRS1239096,353
PRS1239108,7
PRS1239110,106
PRS1239113,24
PRS1239122,64
PRS1239126,443
PRS1239129,1584
PRS1239130,173
PRS1239139,25
PRS1239144,61
PRS1239146,12
PRS1239147,1
PRS1239151,320
PRS1239162,254
PRS1239189,46
PRS1239190,28
PRS1239191,11
PRS1239210,598
PRS1239217,16
PRS1239227,1
PRS1239230,43
PRS1239236,40
PRS1239250,259
PRS1239257,43
PRS1239260,222
PRS1239263,22
PRS1239266,144
PRS1239277,38
PRS1239283,74
PRS1239296,657
PRS1239297,225
PRS1239299,1510
PRS1239312,2
PRS1239326,391
PRS1239327,83
PRS1239328,822
PRS1239332,36
PRS1239344,34
PRS1239347,1833
PRS1239348,93
PRS1239362,120
PRS1239368,206
PRS1239371,49
PRS1239372,20
PRS1239373,13
PRS1239374,14
PRS1239377,14
PRS1239378,86
PRS1239379,1161
PRS1239386,8
PRS1239388,54
PRS1239393,435
PRS1239396,28
PRS1239399,8
PRS1239403,996
PRS1239409,42
PRS1239417,57
PRS1239423,76
PRS1239425,14
PRS1239426,120
PRS1239430,143
PRS1239457,18
PRS1239470,311
PRS1239474,69
PRS1239492,26
PRS1239494,70
PRS1239509,474
PRS1239511,288
PRS1239514,168
PRS1239516,78
PRS1239520,16
PRS1239521,39
PRS1239538,87
PRS1239539,6
PRS1239540,81
PRS1239541,181
PRS1239545,29
PRS1239562,38
PRS1239572,4
PRS1239580,40
PRS1239587,23
PRS1239588,16
PRS1239592,29
PRS1239604,144
PRS1239606,0
PRS1239613,80
PRS1239622,18
PRS1239642,604
PRS1239647,19
PRS1239665,10
PRS1239670,468
PRS1239673,111
PRS1239678,130
PRS1239703,12
PRS1239718,407
PRS1239719,10
PRS1239756,13
PRS1239765,25
PRS1239767,186
PRS1239771,646
PRS1239772,201
PRS1239773,49
PRS1239777,1645
PRS1239780,124
PRS1239782,1
PRS1239783,4
PRS1239784,28
PRS1239785,93
PRS1239787,29
PRS1239788,2
PRS1239796,32
PRS1239797,3
PRS1239801,0
PRS1239807,101
PRS1239809,29
PRS1239810,245
PRS1239811,355
PRS1239818,18
PRS1239819,243
PRS1239841,0
PRS1239842,37
PRS1239843,0
PRS1239846,34
PRS1239850,115
PRS1239856,8
PRS1239857,12
PRS1239865,7
PRS1239876,59
PRS1239880,273
PRS1239882,32
PRS1239889,165
PRS1239894,18
PRS1239897,24
PRS1239899,1371
PRS1239903,157
PRS1239904,113
PRS1239908,762
PRS1239913,181
PRS1239914,0
PRS1239916,34
PRS1239917,27
PRS1239922,14
PRS1239925,60
PRS1239936,28
PRS1239944,60
PRS1239950,483
PRS1239956,4
PRS1239958,20
PRS1239962,18
PRS1239963,52
PRS1239966,126
PRS1239971,10
PRS1239972,89
PRS1239976,0
PRS1239977,104
PRS1239979,8
PRS1239982,28
PRS1239985,14
PRS1239986,73
PRS1239994,8
PRS1239995,1773
PRS1240002,1
PRS1240005,134
PRS1240017,30
PRS1240019,2
PRS1240023,299
PRS1240024,89
PRS1240027,1
PRS1240029,29
PRS1240032,1
PRS1240036,17
PRS1240042,177
PRS1240046,9
PRS1240047,125
PRS1240048,17
PRS1240059,2
PRS1240067,158
PRS1240068,13
PRS1240077,49
PRS1240078,36
PRS1240079,44
PRS1240080,472
PRS1240081,529
PRS1240085,143
PRS1240098,2
PRS1240100,2
PRS1240101,25
PRS1240105,4
PRS1240106,50
PRS1240113,1112
PRS1240114,2
PRS1240117,41
PRS1240121,30
PRS1240124,7
PRS1240126,154
PRS1240139,6
PRS1240142,29
PRS1240153,23
PRS1240159,20
PRS1240160,14
PRS1240189,23
PRS1240194,3
PRS1240195,250
PRS1240199,2
PRS1240206,39
PRS1240208,37
PRS1240209,365
PRS1240210,2
PRS1240212,7
PRS1240213,1305
PRS1240215,7
PRS1240220,525
PRS1240223,274
PRS1240243,29
PRS1240244,836
PRS1240251,20
PRS1240252,640
PRS1240253,42
PRS1240279,19
PRS1240296,2
PRS1240303,12
PRS1240306,4
PRS1240309,4
PRS1240310,41
PRS1240311,108
PRS1240316,95
PRS1240325,48
PRS1240360,23
PRS1240364,8
PRS1240373,439
PRS1240378,356
PRS1240380,7
PRS1240383,0
PRS1240389,316
PRS1240407,14
PRS1240411,45
PRS1240412,22
PRS1240414,0
PRS1240419,0
PRS1240428,36
PRS1240431,2
PRS1240432,57
PRS1240435,25
PRS1240453,186
PRS1240455,85
PRS1240457,13
PRS1240463,8
PRS1240476,62
PRS1240478,570
PRS1240482,1
PRS1240485,14
PRS1240486,103
PRS1240487,246
PRS1240491,55
PRS1240498,418
PRS1240502,21
PRS1240506,903
PRS1240511,3
PRS1240515,36
PRS1240520,4
PRS1240532,23
PRS1240538,3
PRS1240539,57
PRS1240542,234
PRS1240544,37
PRS1240545,187
PRS1240546,17
PRS1240549,11
PRS1240558,3
PRS1240561,566
PRS1240563,4
PRS1240564,41
PRS1240566,103
PRS1240567,81
PRS1240574,0
PRS1240576,30
PRS1240578,239
PRS1240580,15
PRS1240584,208
PRS1240589,1189
PRS1240599,47
PRS1240601,4
PRS1240609,34
PRS1240613,8
PRS1240614,24
PRS1240617,1946
PRS1240628,5
PRS1240633,20
PRS1240640,31
PRS1240658,132
PRS1240666,95
PRS1240673,4
PRS1240676,3
PRS1240678,13
PRS1240679,19
PRS1240697,171
PRS1240701,151
PRS1240704,13
PRS1240705,204
PRS1240706,3
PRS1240710,49
PRS1240725,11
PRS1240732,664
PRS1240737,41
PRS1240745,23
PRS1240747,82
PRS1240749,107
PRS1240751,448
PRS1240753,26
PRS1240754,146
PRS1240755,27
PRS1240756,4
PRS1240759,60
PRS1240760,15
PRS1240761,29
PRS1240762,196
PRS1240764,61
PRS1240769,7
PRS1240770,0
PRS1240778,128
PRS1240787,1
PRS1240791,113
PRS1240794,7
PRS1240797,33
PRS1240799,89
PRS1240801,47
PRS1240808,76
PRS1240813,225
PRS1240816,13
PRS1240819,23
PRS1240823,502
PRS1240824,60
PRS1240826,37
PRS1240840,292
PRS1240842,58
PRS1240843,278
PRS1240851,95
PRS1240859,6
PRS1240860,269
PRS1240863,90
PRS1240864,32
PRS1240872,6
PRS1240874,27
PRS1240876,2
PRS1240877,17
PRS1240878,9
PRS1240888,78
PRS1240894,123
PRS1240895,30
PRS1240903,397
PRS1240904,728
PRS1240907,2
PRS1240909,16
PRS1240910,75
PRS1240913,0
PRS1240914,26
PRS1240917,74
PRS1240922,59
PRS1240924,6
PRS1240926,114
PRS1240932,20
PRS1240935,39
PRS1240936,190
PRS1240937,13
PRS1240939,44
PRS1240947,6
PRS1240951,188
PRS1240955,189
PRS1240956,6
PRS1240959,54
PRS1240964,36
PRS1240967,19
PRS1240969,1246
PRS1240973,448
PRS1240983,7
PRS1240990,1015
PRS1240992,1
PRS1240995,49
PRS1240996,96
PRS1240999,1
PRS1241001,8
PRS1241009,40
PRS1241015,55
PRS1241021,36
PRS1241025,64
PRS1241034,14
PRS1241035,43
PRS1241037,11
PRS1241065,55
PRS1241068,3
PRS1241069,23
PRS1241079,6
PRS1241083,14
PRS1241091,13
PRS1241102,153
PRS1241113,447
PRS1241126,238
PRS1241127,68
PRS1241135,101
PRS1241147,15
PRS1241153,18
PRS1241160,27
PRS1241165,45
PRS1241167,349
PRS1241170,54
PRS1241175,191
PRS1241178,15
PRS1241183,15
PRS1241185,6
PRS1241186,50
PRS1241187,294
PRS1241190,77
PRS1241192,61
PRS1241199,10
PRS1241201,9
PRS1241202,166
PRS1241207,11
PRS1241216,38
PRS1241218,217
PRS1241220,66
PRS1241223,50
PRS1241230,80
PRS1241232,98
PRS1241238,131
PRS1241239,337
PRS1241247,919
PRS1241251,127
PRS1241253,13
PRS1241264,611
PRS1241266,68
PRS1241267,361
PRS1241287,131
PRS1241290,245
PRS1241291,34
PRS1241306,1
PRS1241307,36
PRS1241321,230
PRS1241323,113
PRS1241324,68
PRS1241325,575
PRS1241328,45
PRS1241330,0
PRS1241333,38
PRS1241336,29
PRS1241338,38
PRS1241358,465
PRS1241360,35
PRS1241361,27
PRS1241367,44
PRS1241370,2
PRS1241381,29
PRS1241383,31
PRS1241384,6
PRS1241385,4
PRS1241388,532
PRS1241389,12
PRS1241390,12
PRS1241395,11
PRS1241404,5
PRS1241412,1
PRS1241413,9
PRS1241419,91
PRS1241431,89
PRS1241432,78
PRS1241434,3
PRS1241448,124
PRS1241450,55
PRS1241462,33
PRS1241467,24
PRS1241473,12
PRS1241474,38
PRS1241475,33
PRS1241481,778
PRS1241495,119
PRS1241496,21
PRS1241501,71
PRS1241505,64
PRS1241534,77
PRS1241536,2
PRS1241539,115
PRS1241543,20
PRS1241553,29
PRS1241555,3
PRS1241562,0
PRS1241565,48
PRS1241582,38
PRS1241591,34
PRS1241594,172
PRS1241596,6
PRS1241601,70
PRS1241603,248
PRS1241611,12
PRS1241619,3
PRS1241623,30
PRS1241646,290
PRS1241652,64
PRS1241653,6
PRS1241660,2
PRS1241662,70
PRS1241665,551
PRS1241669,130
PRS1241670,43
PRS1241683,11
PRS1241685,368
PRS1241688,9
PRS1241689,11
PRS1241693,5
PRS1241710,90
PRS1241719,26
PRS1241720,51
PRS1241721,175
PRS1241722,33
PRS1241728,258
PRS1241740,235
PRS1241744,29
PRS1241746,128
PRS1241750,51
PRS1241758,206
PRS1241759,27
PRS1241760,412
PRS1241768,81
PRS1241771,34
PRS1241773,65
PRS1241775,3
PRS1241782,1680
PRS1241799,494
PRS1241800,8
PRS1241802,465
PRS1241808,11
PRS1241817,2
PRS1241824,163
PRS1241827,20
PRS1241833,150
PRS1241834,75
PRS1241837,6
PRS1241839,88
PRS1241840,98
PRS1241841,30
PRS1241843,3
PRS1241846,14
PRS1241848,93
PRS1241851,78
PRS1241855,97
PRS1241857,3
PRS1241860,67
PRS1241862,31
PRS1241868,156
PRS1241869,379
PRS1241870,9
PRS1241875,17
PRS1241877,30
PRS1241879,44
PRS1241880,117
PRS1241882,19
PRS1241884,55
PRS1241902,69
PRS1241905,373
PRS1241907,224
PRS1241909,5
PRS1241910,7
PRS1241911,8
PRS1241912,119
PRS1241913,7
PRS1241914,28
PRS1241915,1
PRS1241917,38
PRS1241923,8
PRS1241924,29
PRS1241925,53
PRS1241926,142
PRS1241927,0
PRS1241929,20
PRS1241933,64
PRS1241934,42
PRS1241937,15
PRS1241951,28
PRS1241956,58
PRS1241957,179
PRS1241965,0
PRS1241967,12
PRS1241972,3
PRS1241973,44
PRS1241976,1524
PRS1241986,38
PRS1242006,25
PRS1242007,5
PRS1242009,34
PRS1242014,36
PRS1242021,86
PRS1242022,134
PRS1242033,90
PRS1242035,0
PRS1242036,10
PRS1242039,57
PRS1242041,9
PRS1242042,18
PRS1242045,32
PRS1242047,38
PRS1242052,39
PRS1242068,5
PRS1242069,659
PRS1242072,5
PRS1242073,32
PRS1242077,111
PRS1242082,32
PRS1242091,52
PRS1242092,47
PRS1242094,0
PRS1242097,10
PRS1242105,15
PRS1242107,262
PRS1242110,26
PRS1242111,19
PRS1242112,5
PRS1242120,17
PRS1242130,20
PRS1242132,42
PRS1242139,97
PRS1242148,32
PRS1242154,59
PRS1242155,26
PRS1242159,6
PRS1242162,313
PRS1242164,82
PRS1242168,2
PRS1242176,815
PRS1242185,72
PRS1242187,1103
PRS1242188,13
PRS1242189,45
PRS1242192,95
PRS1242197,92
PRS1242198,40
PRS1242203,20
PRS1242206,53
PRS1242207,22
PRS1242209,4
PRS1242213,53
PRS1242220,17
PRS1242222,23
PRS1242227,10
PRS1242234,0
PRS1242235,11
PRS1242237,19
PRS1242238,105
PRS1242241,29
PRS1242243,0
PRS1242246,54
PRS1242247,1
PRS1242249,61
PRS1242257,25
PRS1242263,83
PRS1242267,8
PRS1242270,134
PRS1242272,7
PRS1242278,134
PRS1242280,0
PRS1242282,484
PRS1242283,31
PRS1242288,2
PRS1242295,3
PRS1242297,0
PRS1242298,10
PRS1242299,30
PRS1242302,62
PRS1242303,205
PRS1242306,13
PRS1242308,35
PRS1242316,24
PRS1242321,51
PRS1242322,17
PRS1242323,1879
PRS1242324,1069
PRS1242325,1210
PRS1242326,8
PRS1242335,13
PRS1242340,2
PRS1242341,73
PRS1242342,108
PRS1242345,15
PRS1242355,14
PRS1242361,11
PRS1242367,2
PRS1242369,9
PRS1242386,143
PRS1242400,243
PRS1242401,766
PRS1242404,9
PRS1242405,31
PRS1242408,9
PRS1242409,6
PRS1242413,96
PRS1242414,52
PRS1242416,145
PRS1242418,1336
PRS1242421,83
PRS1242424,19
PRS1242426,32
PRS1242430,8
PRS1242433,169
PRS1242438,10
PRS1242439,388
PRS1242451,23
PRS1242466,101
PRS1242469,326
PRS1242470,69
PRS1242477,376
PRS1242480,7
PRS1242487,34
PRS1242489,49
PRS1242492,2
PRS1242497,8
PRS1242505,16
PRS1242507,154
PRS1242510,352
PRS1242512,119
PRS1242525,25
PRS1242533,165
PRS1242542,450
PRS1242545,27
PRS1242557,9
PRS1242558,80
PRS1242564,4
PRS1242569,191
PRS1242576,14
PRS1242579,93
PRS1242588,9
PRS1242589,34
PRS1242594,106
PRS1242600,83
PRS1242602,381
PRS1242603,144
PRS1242608,17
PRS1242610,139
PRS1242619,142
PRS1242620,72
PRS1242621,9
PRS1242622,19
PRS1242625,42
PRS1242629,72
PRS1242634,25
PRS1242639,50
PRS1242642,30
PRS1242643,84
PRS1242653,7
PRS1242654,0
PRS1242658,174
PRS1242664,37
PRS1242665,328
PRS1242667,324
PRS1242673,312
PRS1242678,264
PRS1242686,8
PRS1242691,2
PRS1242694,1572
PRS1242697,16
PRS1242700,205
PRS1242707,36
PRS1242718,21
PRS1242722,134
PRS1242728,3
PRS1242730,12
PRS1242740,143
PRS1242741,164
PRS1242743,119
PRS1242744,6
PRS1242750,11
PRS1242751,4
PRS1242758,15
PRS1242772,134
PRS1242780,19
PRS1242781,43
PRS1242783,78
PRS1242789,25
PRS1242790,36
PRS1242795,10
PRS1242799,38
PRS1242804,158
PRS1242805,15
PRS1242808,40
PRS1242812,350
PRS1242814,12
PRS1242822,6
PRS1242826,82
PRS1242828,3610
PRS1242829,21
PRS1242835,52
PRS1242839,41
PRS1242843,20
PRS1242845,25
PRS1242848,61
PRS1242849,529
PRS1242852,53
PRS1242853,44
PRS1242856,3
PRS1242859,36
PRS1242860,63
PRS1242861,9
PRS1242864,6
PRS1242869,31
PRS1242872,377
PRS1242877,121
PRS1242879,6
PRS1242881,21
PRS1242883,5
PRS1242886,50
PRS1242893,240
PRS1242894,10
PRS1242899,53
PRS1242901,55
PRS1242902,79
PRS1242914,28
PRS1242915,15
PRS1242916,187
PRS1242917,210
PRS1242922,22
PRS1242925,109
PRS1242934,12
PRS1242967,19
PRS1242974,9
PRS1242978,22
PRS1242979,6
PRS1242989,59
PRS1242990,93
PRS1242993,24
PRS1242996,18
PRS1243004,59
PRS1243005,294
PRS1243020,6
PRS1243026,100
PRS1243034,12
PRS1243035,9
PRS1243039,6
PRS1243051,8
PRS1243052,108
PRS1243053,36
PRS1243056,57
PRS1243057,29
PRS1243060,68
PRS1243062,10
PRS1243063,41
PRS1243064,15
PRS1243065,10
PRS1243067,96
PRS1243068,14
PRS1243074,62
PRS1243075,16
PRS1243081,4
PRS1243082,939
PRS1243084,10
PRS1243087,22
PRS1243090,14
PRS1243091,51
PRS1243092,107
PRS1243094,728
PRS1243100,169
PRS1243103,378
PRS1243105,1
PRS1243109,0
PRS1243111,114
PRS1243123,31
PRS1243125,92
PRS1243138,57
PRS1243139,36
PRS1243141,9
PRS1243144,21
PRS1243145,19
PRS1243147,16
PRS1243151,74
PRS1243155,0
PRS1243157,11
PRS1243158,15
PRS1243159,404
PRS1243163,85
PRS1243170,502
PRS1243178,171
PRS1243181,81
PRS1243183,104
PRS1243184,26
PRS1243185,0
PRS1243188,52
PRS1243191,154
PRS1243192,96
PRS1243195,7
PRS1243197,578
PRS1243202,172
PRS1243203,88
PRS1243206,83
PRS1243208,2814
PRS1243210,86
PRS1243211,379
PRS1243215,224
PRS1243216,310
PRS1243219,71
PRS1243221,575
PRS1243223,1464
PRS1243224,145
PRS1243228,29
PRS1243232,74
PRS1243240,169
PRS1243244,362
PRS1243252,2099
PRS1243255,50
PRS1243259,41
PRS1243261,11
PRS1243264,2
PRS1243265,12
PRS1243266,74
PRS1243272,7
PRS1243275,28
PRS1243276,29
PRS1243292,82
PRS1243301,9
PRS1243302,182
PRS1243305,54
PRS1243308,815
PRS1243309,15
PRS1243310,328
PRS1243318,15
PRS1243325,59
PRS1243328,4563
PRS1243329,38
PRS1243330,25
PRS1243334,41
PRS1243337,627
PRS1243339,960
PRS1243341,284
PRS1243343,121
PRS1243345,70
PRS1243346,22
PRS1243363,1318
PRS1243423,36
PRS1243463,25
PRS1243737,72
PRS1243874,27
PRS1243919,8
PRS1243962,398
PRS1244491,1291
PRS1244492,12
PRS1244518,25
PRS1244535,36
PRS1244537,290
PRS1244544,129
PRS1244554,392
PRS1244578,39
PRS1244751,41
PRS1244822,266
PRS1244942,0
PRS1245033,64
PRS1245047,18
PRS1245067,57
PRS1245079,170
PRS1245158,106
PRS1245167,29
PRS1245246,72
PRS1245280,38
PRS1245352,19
PRS1245354,160
PRS1245473,388
PRS1245584,7099
PRS1245597,91
PRS1245669,46
PRS1245692,5
PRS1245743,74
PRS1245775,50
PRS1245788,29
PRS1245804,57
PRS1245842,616
PRS1245913,479
PRS1246021,85
PRS1246053,42
PRS1246057,101
PRS1246080,138
PRS1246084,192
PRS1246128,13
PRS1246139,145
PRS1246157,24
PRS1246205,77
PRS1246295,47
PRS1246329,27
PRS1246421,48
PRS1246428,21
PRS1246435,134
PRS1246453,42
PRS1246460,6
PRS1246470,217
PRS1246477,49
PRS1246523,95
PRS1246556,42
PRS1246571,127
PRS1246596,44
PRS1246614,26
PRS1246619,49
PRS1246660,0
PRS1246733,631
PRS1246753,65
PRS1246766,90
PRS1246822,9
PRS1246855,16
PRS1246888,5
PRS1246913,23
PRS1246915,2
PRS1247007,104
PRS1247085,46
PRS1247092,194
PRS1247107,903
PRS1247112,0
PRS1247132,207
PRS1247194,57
PRS1247212,5022
PRS1247252,138
PRS1247289,15
PRS1247320,150
PRS1247326,107
PRS1247327,83
PRS1247351,176
PRS1247377,29
PRS1247404,45
PRS1247413,29
PRS1247417,7
PRS1247418,13
PRS1247477,5
PRS1247484,6
PRS1247485,5
PRS1247486,2651
PRS1247528,140
PRS1247534,59
PRS1247560,0
PRS1247579,1017
PRS1247615,370
PRS1247636,4
PRS1247703,76
PRS1247759,3
PRS1247831,58
PRS1247883,0
PRS1247929,366
PRS1248053,99
PRS1248078,2
PRS1248116,75
PRS1248125,68
PRS1248137,83
PRS1248229,68
PRS1248307,117
PRS1248331,31
PRS1248336,11
PRS1248344,8
PRS1248490,3
PRS1248492,5
PRS1248578,4
PRS1248606,9
PRS1248821,8
PRS1248998,39
PRS1249046,2
PRS1249048,1
PRS1249050,0
PRS1249052,745
PRS1249066,2704
PRS1249074,102
PRS1249080,151
PRS1249085,110
PRS1249090,67
PRS1249124,7
PRS1249221,5
PRS1249318,60
PRS1249354,53
PRS1249419,100
PRS1249421,162
PRS1249476,46
PRS1249499,61
PRS1249598,64
PRS1249602,3
PRS1249739,26
PRS1249751,3
PRS1249757,67
PRS1249776,57
PRS1250064,31
PRS1250238,63
PRS1250268,904
PRS1250274,224
PRS1250277,14
PRS1250484,4
PRS1250547,73
PRS1250601,11
PRS1250624,254
PRS1250635,7
PRS1250658,8
PRS1250761,266
PRS1250767,105
PRS1250808,47
PRS1250817,25
PRS1250865,857
PRS1250999,198
PRS1251128,55
PRS1251189,278
PRS1251314,612
PRS1251326,24
PRS1251330,173
PRS1251402,11
PRS1251533,132
PRS1251557,341
PRS1251558,26
PRS1251563,102
PRS1251620,17
PRS1251624,263
PRS1251650,34
PRS1251652,18
PRS1251723,70
PRS1251742,336
PRS1251748,31
PRS1251753,18
PRS1251759,14
PRS1251773,3
PRS1251782,169
PRS1251788,11
PRS1251794,126
PRS1251850,101
PRS1251922,74
PRS1251923,14
PRS1252045,3
PRS1252078,18
PRS1252102,2
PRS1252109,51
PRS1252125,302
PRS1252148,15
PRS1252151,14
PRS1252167,15
PRS1252215,9
PRS1252270,14
PRS1252308,19
PRS1252317,10
PRS1252450,51
PRS1252467,20
PRS1252481,79
PRS1252534,18
PRS1252559,3
PRS1252572,6
PRS1252631,19
PRS1252633,22
PRS1252647,84
PRS1252679,57
PRS1252746,2
PRS1252758,63
PRS1252767,5
PRS1252786,26
PRS1252800,83
PRS1252808,86
PRS1252823,77
PRS1252843,492
PRS1252861,27
PRS1252869,579
PRS1252888,5
PRS1252932,22
PRS1253016,30
PRS1253080,29
PRS1253099,34
PRS1253172,62
PRS1253293,88
PRS1253370,26
PRS1253453,571
PRS1253470,18
PRS1253546,910
PRS1253600,21
PRS1253627,436
PRS1253708,6
PRS1253718,11
PRS1253773,20
PRS1253798,227
PRS1253801,0
PRS1253825,10
PRS1253912,21
PRS1253938,61
PRS1253971,230
PRS1253978,31
PRS1253989,36
PRS1253996,37
PRS1254010,2
PRS1254034,426
PRS1254048,545
PRS1254055,709
PRS1254072,14
PRS1254079,35
PRS1254084,33
PRS1254086,264
PRS1254091,32
PRS1254096,32
PRS1254098,4
PRS1254099,12
PRS1254106,10
PRS1254110,5
PRS1254113,23
PRS1254120,64
PRS1254138,50
PRS1254140,134
PRS1254141,68
PRS1254147,56
PRS1254151,19
PRS1254170,13
PRS1254182,175
PRS1254200,3
PRS1254216,330
PRS1254269,33
PRS1254336,63
PRS1254413,13
PRS1254460,159
PRS1254475,58
PRS1254496,672
PRS1254514,17
PRS1254520,11
PRS1254557,13
PRS1254586,31
PRS1254670,45
PRS1254712,39
PRS1254720,44
PRS1254796,2
PRS1254904,62
PRS1254930,219
PRS1254933,150
PRS1254969,2257
PRS1255001,289
PRS1255039,71
PRS1255069,5
PRS1255070,231
PRS1255076,50
PRS1255110,9
PRS1255112,12
PRS1255115,158
PRS1255229,22
PRS1255288,377
PRS1255343,32
PRS1255356,14
PRS1255363,20
PRS1255392,60
PRS1255397,283
PRS1255402,32
PRS1255428,6
PRS1255438,36
PRS1255455,82
PRS1255486,3186
PRS1255497,7
PRS1255505,20
PRS1255511,519
PRS1255524,45
PRS1255533,18
PRS1255554,101
PRS1255572,2
PRS1255604,60
PRS1255635,878
PRS1255647,202
PRS1255665,238
PRS1255666,1
PRS1255800,4
PRS1255824,72
PRS1255826,34
PRS1255853,377
PRS1255857,1231
PRS1255863,13
PRS1255864,16
PRS1255865,53
PRS1255874,20
PRS1255876,92
PRS1255877,442
PRS1255898,13
PRS1255906,11
PRS1255909,32
PRS1255917,18
PRS1255938,24
PRS1255942,77
PRS1255959,190
PRS1256028,49
PRS1256038,38
PRS1256041,19
PRS1256224,14
PRS1256293,195
PRS1256319,64
PRS1256325,39
PRS1256327,21
PRS1256365,86
PRS1256376,9
PRS1256399,45
PRS1256402,111
PRS1256404,43
PRS1256419,17
PRS1256494,66
PRS1256541,52
PRS1256670,198
PRS1256701,84
PRS1256729,9
PRS1256740,106
PRS1256765,13
PRS1256773,549
PRS1256855,64
PRS1256860,121
PRS1256867,92
PRS1256886,8
PRS1256894,13
PRS1256932,111
PRS1256947,98
PRS1256960,522
PRS1256964,38
PRS1256994,32
PRS1257004,118
PRS1257005,47
PRS1257012,12
PRS1257074,62
PRS1257088,29
PRS1257117,22
PRS1257119,32
PRS1257161,1
PRS1257219,246
PRS1257248,76
PRS1257285,6
PRS1257290,13
PRS1257357,52
PRS1257366,13
PRS1257367,122
PRS1257439,16
PRS1257516,15
PRS1257529,37
PRS1257567,13
PRS1257717,6
PRS1257765,35
PRS1257766,5
PRS1257781,2
PRS1257839,316
PRS1257848,13
PRS1257916,128
PRS1257951,0
PRS1257965,63
PRS1258060,355
PRS1258061,14
PRS1258081,12
PRS1258100,18
PRS1258104,12
PRS1258161,130
PRS1258173,2
PRS1258182,54
PRS1258255,0
PRS1258278,49
PRS1258303,9
PRS1258344,2
PRS1258388,35
PRS1258412,139
PRS1258520,14
PRS1258526,54
PRS1258532,7
PRS1258563,33
PRS1258577,20
PRS1258596,1527
PRS1258600,50
PRS1258601,304
PRS1258604,264
PRS1258623,128
PRS1258645,19
PRS1258648,4
PRS1258764,21
PRS1258777,164
PRS1258779,104
PRS1258787,50
PRS1258790,1
PRS1258811,6
PRS1258822,70
PRS1258824,13
PRS1258845,15
PRS1258849,6
PRS1258864,160
PRS1258880,178
PRS1258901,118
PRS1258903,154
PRS1258909,11
PRS1258910,16
PRS1258927,118
PRS1258931,27
PRS1258937,22
PRS1258960,72
PRS1259083,24
PRS1259129,29
PRS1259248,60
PRS1259305,35
PRS1259399,44
PRS1259599,100
PRS1259625,333
PRS1259627,96
PRS1259665,38
PRS1259666,167
PRS1259676,23
PRS1259682,245
PRS1259691,65
PRS1259710,81
PRS1259714,117
PRS1259727,11
PRS1259763,65
PRS1259782,27
PRS1259796,17
PRS1259920,17
PRS1259948,19
PRS1259954,115
PRS1259956,31
PRS1259983,180
PRS1259984,6
PRS1259992,99
PRS1260031,10
PRS1260039,4131
PRS1260197,134
PRS1260250,4
PRS1260322,5
PRS1260340,15
PRS1260395,50
PRS1260434,3
PRS1260531,115
PRS1260541,233
PRS1260542,36
PRS1260549,23
PRS1260637,57
PRS1260654,6615
PRS1260680,89
PRS1260736,10
PRS1260787,5
PRS1260788,41
PRS1260827,385
PRS1260835,95
PRS1260843,171
PRS1260856,71
PRS1260861,9
PRS1260876,28
PRS1260883,68
PRS1260884,16
PRS1260974,285
PRS1261027,67
PRS1261032,313
PRS1261042,36
PRS1261045,189
PRS1261047,33
PRS1261099,28
PRS1261101,40
PRS1261150,670
PRS1261203,82
PRS1261211,67
PRS1261216,21
PRS1261218,26
PRS1261227,23
PRS1261303,64
PRS1261304,9
PRS1261313,7
PRS1261387,504
PRS1261388,695
PRS1261459,209
PRS1261479,0
PRS1261484,62
PRS1261499,4
PRS1261509,0
PRS1261526,9
PRS1261532,166
PRS1261535,0
PRS1261547,0
PRS1261557,185
PRS1261600,841
PRS1261660,6
PRS1261666,23
PRS1261734,13
PRS1261742,57
PRS1261745,1
PRS1261751,22
PRS1261754,50
PRS1261794,15
PRS1261826,12
PRS1261831,14
PRS1261893,20
PRS1261989,339
PRS1262091,3
PRS1262094,153
PRS1262112,791
PRS1262113,13
PRS1262150,79
PRS1262151,17
PRS1262177,91
PRS1262187,33
PRS1262193,1
PRS1262268,25
PRS1262275,37
PRS1262301,498
PRS1262305,47
PRS1262314,35
PRS1262317,9
PRS1262325,637
PRS1262346,355
PRS1262424,56
PRS1262504,26
PRS1262512,201
PRS1262547,26
PRS1262629,131
PRS1262643,1482
PRS1262678,57
PRS1262693,512
PRS1262888,280
PRS1262891,45
PRS1262933,40
PRS1262961,201
PRS1262966,22
PRS1262983,2
PRS1262990,51
PRS1263017,10
PRS1263021,169
PRS1263038,18
PRS1263045,1
PRS1263065,0
PRS1263088,47
PRS1263147,45
PRS1263164,23
PRS1263231,7
PRS1263318,11
PRS1263333,8
PRS1263334,6
PRS1263337,132
PRS1263340,44
PRS1263341,8
PRS1263345,26
PRS1263352,166
PRS1263360,24
PRS1263397,399
PRS1263398,11
PRS1263413,160
PRS1263421,21
PRS1263483,74
PRS1263490,34
PRS1263541,648
PRS1263610,14
PRS1263619,133
PRS1263652,254
PRS1263774,178
PRS1263812,226
PRS1263848,15
PRS1263931,694
PRS1263935,23
PRS1263937,10
PRS1263956,13
PRS1263961,45
PRS1264017,7
PRS1264044,44
PRS1264125,31
PRS1264232,5531
PRS1264259,45
PRS1264291,76
PRS1264293,1
PRS1264300,73
PRS1264305,180
PRS1264314,320
PRS1264317,74
PRS1264378,12
PRS1264388,311
PRS1264398,33
PRS1264401,347
PRS1264456,8
PRS1264458,31
PRS1264470,9
PRS1264473,5
PRS1264494,123
PRS1264496,38
PRS1264497,42
PRS1264505,76
PRS1264529,102
PRS1264543,312
PRS1264558,145
PRS1264586,107
PRS1264606,38
PRS1264614,0
PRS1264647,1528
PRS1264655,17
PRS1264669,459
PRS1264685,8
PRS1264721,324
PRS1264750,235
PRS1264828,43
PRS1264834,573
PRS1264837,68
PRS1264838,116
PRS1264839,65
PRS1264847,8
PRS1264848,81
PRS1264851,29
PRS1264852,22
PRS1264856,11
PRS1264918,33
PRS1264935,30
PRS1264936,490
PRS1264947,10
PRS1265006,27
PRS1265031,26
PRS1265065,412
PRS1265073,127
PRS1265110,476
PRS1265152,2
PRS1265234,8
PRS1265258,83
PRS1265271,224
PRS1265308,87
PRS1265343,35
PRS1265366,8
PRS1265410,11
PRS1265444,35
PRS1265461,6
PRS1265473,1076
PRS1265495,3
PRS1265503,0
PRS1265512,1545
PRS1265561,10
PRS1265606,720
PRS1265607,44
PRS1265628,20
PRS1265649,28
PRS1265665,5343
PRS1265683,30
PRS1265701,588
PRS1265746,14
PRS1265774,96
PRS1266076,15
PRS1266077,20
PRS1266081,2
PRS1266089,143
PRS1266092,284
PRS1266095,122
PRS1266107,4
PRS1266172,66
PRS1266278,925
PRS1266303,189
PRS1266339,5
PRS1266365,60
PRS1266375,60
PRS1266421,26
PRS1266446,16
PRS1266447,191
PRS1266453,162
PRS1266459,25
PRS1266494,10
PRS1266513,0
PRS1266516,6
PRS1266522,145
PRS1266542,11
PRS1266555,195
PRS1266556,20
PRS1266561,2
PRS1266569,20
PRS1266694,44
PRS1266718,5
PRS1266722,21
PRS1266753,105
PRS1266755,90
PRS1266793,62
PRS1266801,181
PRS1266852,125
PRS1266924,45
PRS1266934,420
PRS1266939,60
PRS1266950,11
PRS1266955,101
PRS1266964,33
PRS1266989,1
PRS1266991,162
PRS1266996,19
PRS1266999,12
PRS1267000,46
PRS1267006,60
PRS1267022,30
PRS1267028,45
PRS1267036,25
PRS1267045,37
PRS1267062,36
PRS1267063,12
PRS1267086,27
PRS1267105,32
PRS1267119,183
PRS1267135,34
PRS1267143,5
PRS1267146,288
PRS1267164,153
PRS1267310,599
PRS1267317,36
PRS1267338,5
PRS1267378,31
PRS1267495,0
PRS1267577,14
PRS1267603,1438
PRS1267608,63
PRS1267610,8
PRS1267660,36
PRS1267678,33
PRS1267683,9
PRS1267702,60
PRS1267717,38
PRS1267724,44
PRS1267757,80
PRS1267768,62
PRS1267770,6
PRS1267780,576
PRS1267782,28
PRS1267790,6
PRS1267803,20
PRS1267806,5
PRS1267807,123
PRS1267833,43
PRS1267834,34
PRS1267856,8
PRS1267859,926
PRS1267865,52
PRS1267886,2
PRS1267894,10
PRS1267971,669
PRS1268049,24
PRS1268058,22
PRS1268071,15
PRS1268076,102
PRS1268105,58
PRS1268120,16
PRS1268126,13
PRS1268128,20
PRS1268130,13
PRS1268202,71
PRS1268203,91
PRS1268266,261
PRS1268325,29
PRS1268341,172
PRS1268353,72
PRS1268364,19
PRS1268376,164
PRS1268450,176
PRS1268573,57
PRS1268600,68
PRS1268618,13
PRS1268642,3
PRS1268656,0
PRS1268668,84
PRS1268669,67
PRS1268671,91
PRS1268677,128
PRS1268683,51
PRS1268706,74
PRS1268707,39
PRS1268712,2
PRS1268737,91
PRS1268753,537
PRS1268754,185
PRS1268794,799
PRS1268795,17
PRS1268801,559
PRS1268808,73
PRS1268844,21
PRS1268853,52
PRS1268858,59
PRS1268859,35
PRS1268868,19
PRS1268913,643
PRS1268914,240
PRS1268976,0
PRS1268988,5
PRS1269040,0
PRS1269042,22
PRS1269081,15
PRS1269083,4
PRS1269088,5
PRS1269091,11
PRS1269176,13
PRS1269178,21
PRS1269195,239
PRS1269215,2
PRS1269218,289
PRS1269284,411
PRS1269285,40
PRS1269320,10
PRS1269370,19
PRS1269396,82
PRS1269459,90
PRS1269478,8
PRS1269479,368
PRS1269483,73
PRS1269486,21
PRS1269501,119
PRS1269539,313
PRS1269550,49
PRS1269557,234
PRS1269578,90
PRS1269588,9
PRS1269618,106
PRS1269656,135
PRS1269919,82
PRS1269957,47
PRS1269960,45
PRS1269965,0
PRS1269968,335
PRS1269980,159
PRS1270032,1
PRS1270034,22
PRS1270068,23
PRS1270096,1186
PRS1270111,118
PRS1270113,1608
PRS1270124,457
PRS1270141,160
PRS1270143,36
PRS1270216,24
PRS1270261,275
PRS1270267,9
PRS1270306,2208
PRS1270330,10
PRS1270345,33
PRS1270355,490
PRS1270358,80
PRS1270421,1
PRS1270452,4
PRS1270460,53
PRS1270471,14
PRS1270495,5
PRS1270499,0
PRS1270503,51
PRS1270519,513
PRS1270523,36
PRS1270525,2
PRS1270533,129
PRS1270536,447
PRS1270545,54
PRS1270589,34
PRS1270593,293
PRS1270617,67
PRS1270673,2
PRS1270683,201
PRS1270737,5
PRS1270741,136
PRS1270821,739
PRS1270822,182
PRS1270839,78
PRS1270854,156
PRS1270866,7
PRS1270887,7
PRS1270893,112
PRS1270951,611
PRS1270956,120
PRS1270972,313
PRS1270981,111
PRS1271065,417
PRS1271194,363
PRS1271198,54
PRS1271231,68
PRS1271251,56
PRS1271278,28
PRS1271350,33
PRS1271379,34
PRS1271413,168
PRS1271432,14
PRS1271441,116
PRS1271523,10
PRS1271592,23
PRS1271603,53
PRS1271605,54
PRS1271610,80
PRS1271630,1
PRS1271641,75
PRS1271653,5
PRS1271681,20
PRS1271696,20
PRS1271708,15
PRS1271713,8
PRS1271728,10
PRS1271765,46
PRS1271773,348
PRS1271780,208
PRS1271809,13
PRS1271852,69
PRS1271913,22
PRS1271924,110
PRS1271927,23
PRS1271929,113
PRS1272037,6
PRS1272065,69
PRS1272090,39
PRS1272124,123
PRS1272152,18
PRS1272212,30
PRS1272213,28
PRS1272249,87
PRS1272283,71
PRS1272286,62
PRS1272291,21
PRS1272322,21
PRS1272325,52
PRS1272336,7
PRS1272392,420
PRS1272404,9
PRS1272427,3
PRS1272447,13
PRS1272462,206
PRS1272463,407
PRS1272466,63
PRS1272480,14
PRS1272488,163
PRS1272493,11
PRS1272527,109
PRS1272530,19
PRS1272615,355
PRS1272616,9
PRS1272638,7
PRS1272731,66
PRS1272779,103
PRS1272837,121
PRS1272970,75
PRS1272997,37
PRS1273005,45
PRS1273030,60
PRS1273032,9
PRS1273044,50
PRS1273072,449
PRS1273083,1747
PRS1273141,4
PRS1273173,115
PRS1273178,31
PRS1273190,122
PRS1273204,29
PRS1273212,18
PRS1273215,1381
PRS1273311,5
PRS1273380,22
PRS1273423,21
PRS1273428,155
PRS1273489,50
PRS1273504,844
PRS1273510,4
PRS1273517,11
PRS1273535,406
PRS1273538,625
PRS1273543,7
PRS1273545,83
PRS1273546,138
PRS1273573,62
PRS1273599,10
PRS1273600,93
PRS1273602,23
PRS1273614,390
PRS1273644,70
PRS1273694,14
PRS1273702,87
PRS1273739,0
PRS1273748,325
PRS1273753,19
PRS1273765,12
PRS1273766,89
PRS1273767,73
PRS1273769,263
PRS1273775,43
PRS1273776,78
PRS1273785,156
PRS1273787,25
PRS1273789,0
PRS1273834,362
PRS1273837,68
PRS1273842,41
PRS1273858,14
PRS1273882,58
PRS1273901,136
PRS1273912,4
PRS1273913,67
PRS1273944,92
PRS1273950,298
PRS1273951,7
PRS1273977,23
PRS1273988,309
PRS1273994,19
PRS1274016,143
PRS1274019,55
PRS1274020,0
PRS1274022,58
PRS1274055,115
PRS1274060,183
PRS1274077,8
PRS1274110,30
PRS1274111,48
PRS1274136,319
PRS1274137,26
PRS1274203,3
PRS1274240,3
PRS1274261,124
PRS1274274,23
PRS1274275,114
PRS1274349,56
PRS1274403,22
PRS1274449,6
PRS1274450,3
PRS1274464,193
PRS1274466,1
PRS1274487,185
PRS1274499,60
PRS1274521,24
PRS1274522,773
PRS1274535,63
PRS1274546,197
PRS1274548,13
PRS1274550,1248
PRS1274552,14
PRS1274554,19
PRS1274584,12
PRS1274585,1
PRS1274586,23
PRS1274588,112
PRS1274589,20
PRS1274646,22
PRS1274648,2
PRS1274650,16
PRS1274652,75
PRS1274681,332
PRS1274701,129
PRS1274719,0
PRS1274761,8
PRS1274770,74
PRS1274800,43
PRS1274801,100
PRS1274806,114
PRS1274900,5
PRS1274911,61
PRS1274913,92
PRS1274938,315
PRS1274950,45
PRS1274952,4
PRS1274960,84
PRS1275011,79
PRS1275075,155
PRS1275085,55
PRS1275087,29
PRS1275095,175
PRS1275113,91
PRS1275190,78
PRS1275207,21
PRS1275213,285
PRS1275251,60
PRS1275259,10
PRS1275399,19
PRS1275468,136
PRS1275615,225
PRS1275616,262
PRS1275624,44
PRS1275668,0
PRS1275674,11
PRS1275676,8
PRS1275678,280
PRS1275884,6
PRS1275909,23
PRS1275925,65
PRS1275931,12
PRS1275947,17
PRS1275993,28
PRS1275995,88
PRS1276004,11
PRS1276086,8
PRS1276122,0
PRS1276211,3838
PRS1276257,2
PRS1276311,55
PRS1276327,198
PRS1276331,3
PRS1276334,17
PRS1276368,90
PRS1276370,2
PRS1276374,25
PRS1276379,68
PRS1276387,724
PRS1276409,44
PRS1276416,153
PRS1276424,234
PRS1276427,37
PRS1276448,48
PRS1276451,58
PRS1276455,122
PRS1276489,30
PRS1276554,114
PRS1276632,16
PRS1276791,100
PRS1276798,171
PRS1276836,21
PRS1276877,318
PRS1276953,242
PRS1276969,109
PRS1276988,24
PRS1276994,28
PRS1277026,33
PRS1277057,2
PRS1277076,1
PRS1277096,1
PRS1277152,14
PRS1277173,8
PRS1277197,0
PRS1277223,2
PRS1277237,260
PRS1277248,98
PRS1277264,11
PRS1277274,0
PRS1277275,6
PRS1277279,86
PRS1277282,4
PRS1277295,759
PRS1277322,2
PRS1277338,55
PRS1277428,142
PRS1277434,10
PRS1277436,2
PRS1277438,223
PRS1277439,2
PRS1277445,39
PRS1277450,16
PRS1277459,60
PRS1277461,45
PRS1277462,372
PRS1277466,5
PRS1277496,11
PRS1277498,121
PRS1277507,14
PRS1277596,125
PRS1277620,5
PRS1277647,3
PRS1277651,58
PRS1277742,128
PRS1277748,0
PRS1277788,338
PRS1277818,71
PRS1277834,33
PRS1277840,111
PRS1277877,32
PRS1277932,45
PRS1278047,17
PRS1278067,31
PRS1278132,2
PRS1278134,6
PRS1278164,42
PRS1278205,172
PRS1278208,8
PRS1278217,37
PRS1278218,34
PRS1278227,54
PRS1278236,22
PRS1278239,40
PRS1278241,596
PRS1278325,16
PRS1278349,111
PRS1278366,450
PRS1278369,6
PRS1278405,335
PRS1278427,421
PRS1278472,160
PRS1278488,77
PRS1278506,147
PRS1278515,4
PRS1278517,2
PRS1278542,6
PRS1278565,67
PRS1278566,114
PRS1278611,111
PRS1278613,141
PRS1278626,1
PRS1278632,300
PRS1278668,44
PRS1278669,20
PRS1278679,7
PRS1278682,26
PRS1278695,1658
PRS1278701,1284
PRS1278714,18
PRS1278716,40
PRS1278721,304
PRS1278779,262
PRS1278793,306
PRS1278824,49
PRS1278825,390
PRS1278854,530
PRS1278868,29
PRS1278869,7
PRS1278870,53
PRS1278873,8
PRS1278920,46
PRS1278943,68
PRS1278963,38
PRS1278970,120
PRS1279000,15
PRS1279028,48
PRS1279039,107
PRS1279069,63
PRS1279092,23
PRS1279180,9
PRS1279196,45
PRS1279197,34
PRS1279208,54
PRS1279210,6
PRS1279218,29
PRS1279251,36
PRS1279256,428
PRS1279264,3
PRS1279265,2
PRS1279270,36
PRS1279378,17
PRS1279396,15
PRS1279428,25
PRS1279441,12
PRS1279476,20
PRS1279493,120
PRS1279494,132
PRS1279522,28
PRS1279525,488
PRS1279526,6
PRS1279536,52
PRS1279541,127
PRS1279547,200
PRS1279552,27
PRS1279599,26
PRS1279620,61
PRS1279669,0
PRS1279714,23
PRS1279715,24
PRS1279729,9
PRS1279742,245
PRS1279779,22
PRS1279820,7
PRS1279821,3
PRS1279828,8
PRS1279853,17
PRS1279870,12
PRS1279892,7
PRS1279901,10
PRS1279987,36
PRS1280007,181
PRS1280015,6
PRS1280019,9
PRS1280055,9
PRS1280076,5
PRS1280093,15
PRS1280114,450
PRS1280115,38
PRS1280155,100
PRS1280207,92
PRS1280216,80
PRS1280227,11
PRS1280232,29
PRS1280245,52
PRS1280266,34
PRS1280269,28
PRS1280286,43
PRS1280370,197
PRS1280392,17
PRS1280501,80
PRS1280545,54
PRS1280552,48
PRS1280558,473
PRS1280562,12
PRS1280563,6
PRS1280568,39
PRS1280570,8
PRS1280572,43
PRS1280573,56
PRS1280574,291
PRS1280575,9
PRS1280579,128
PRS1280632,462
PRS1280714,15
PRS1280715,7
PRS1280751,11
PRS1280756,339
PRS1280780,14
PRS1280794,48
PRS1280818,22
PRS1280824,16
PRS1280859,2
PRS1280910,4
PRS1280916,100
PRS1280928,89
PRS1280929,144
PRS1280946,31
PRS1280985,302
PRS1281034,49
PRS1281045,216
PRS1281065,12
PRS1281121,10
PRS1281123,13
PRS1281124,7
PRS1281135,55
PRS1281153,60
PRS1281176,8
PRS1281179,3
PRS1281182,4
PRS1281196,14
PRS1281235,8
PRS1281273,73
PRS1281293,219
PRS1281353,1
PRS1281407,31
PRS1281415,436
PRS1281416,33
PRS1281428,145
PRS1281430,16
PRS1281437,53
PRS1281445,44
PRS1281452,77
PRS1281453,428
PRS1281484,79
PRS1281491,6
PRS1281493,23
PRS1281553,17
PRS1281575,37
PRS1281594,6
PRS1281597,24
PRS1281598,30
PRS1281599,25
PRS1281600,11
PRS1281607,227
PRS1281714,0
PRS1281721,129
PRS1281731,53
PRS1281820,627
PRS1281834,75
PRS1281844,0
PRS1281845,0
PRS1281860,136
PRS1281875,11
PRS1281891,130
PRS1281927,62
PRS1281929,41
PRS1281931,9
PRS1281947,28
PRS1281949,9
PRS1281956,105
PRS1281958,55
PRS1281959,56
PRS1281975,28
PRS1281978,3
PRS1281985,26
PRS1281996,110
PRS1282004,830
PRS1282064,31
PRS1282100,34
PRS1282112,8
PRS1282141,17
PRS1282142,5
PRS1282152,12
PRS1282157,11
PRS1282169,5
PRS1282207,31
PRS1282248,202
PRS1282265,69
PRS1282314,56
PRS1282361,42
PRS1282373,12
PRS1282378,59
PRS1282391,34
PRS1282399,43
PRS1282406,17
PRS1282409,0
PRS1282421,157
PRS1282428,7
PRS1282447,66
PRS1282473,324
PRS1282513,26
PRS1282650,99
PRS1282657,272
PRS1282686,286
PRS1282695,20
PRS1282706,42
PRS1282720,9
PRS1282735,31
PRS1282822,211
PRS1282857,23
PRS1282865,34
PRS1282915,24
PRS1282917,87
PRS1282932,21
PRS1283033,47
PRS1283036,28
PRS1283042,408
PRS1283053,1
PRS1283067,14
PRS1283085,11
PRS1283094,135
PRS1283154,147
PRS1283195,2
PRS1283200,98
PRS1283205,9
PRS1283207,7
PRS1283208,9
PRS1283230,1424
PRS1283233,0
PRS1283240,16
PRS1283242,99
PRS1283280,0
PRS1283287,38
PRS1283299,2
PRS1283320,61
PRS1283321,6
PRS1283356,129
PRS1283359,80
PRS1283378,213
PRS1283394,2
PRS1283404,5
PRS1283431,48
PRS1283457,12
PRS1283462,21
PRS1283473,5
PRS1283487,9
PRS1283511,1
PRS1283534,2
PRS1283597,34
PRS1283621,1
PRS1283623,23
PRS1283624,25
PRS1283631,61
PRS1283639,7
PRS1283641,7
PRS1283654,1
PRS1283663,25
PRS1283665,5
PRS1283666,26
PRS1283677,58
PRS1283678,27
PRS1283682,83
PRS1283686,18
PRS1283687,13
PRS1283688,17
PRS1283700,26
PRS1283768,7
PRS1283811,21
PRS1283818,43
PRS1283821,15
PRS1283827,2
PRS1283854,0
PRS1283857,26
PRS1283946,3
PRS1283969,74
PRS1283975,118
PRS1283984,6
PRS1284029,43
PRS1284035,19
PRS1284044,24
PRS1284086,17
PRS1284139,7
PRS1284143,3
PRS1284172,3
PRS1284189,884
PRS1284201,106
PRS1284236,11
PRS1284303,68
PRS1284329,216
PRS1284347,51
PRS1284349,20
PRS1284357,86
PRS1284359,4
PRS1284383,59
PRS1284386,17
PRS1284398,64
PRS1284458,9
PRS1284461,8
PRS1284464,13
PRS1284494,58
PRS1284499,23
PRS1284623,19
PRS1284627,252
PRS1284664,78
PRS1284668,158
PRS1284677,1030
PRS1284679,14
PRS1284683,69
PRS1284713,32
PRS1284715,15
PRS1284716,6
PRS1284717,2
PRS1284721,9
PRS1284728,5
PRS1284744,10
PRS1284745,0
PRS1284746,1383
PRS1284748,16
PRS1284750,56
PRS1284752,3
PRS1284760,1
PRS1284761,125
PRS1284762,712
PRS1284772,58
PRS1284861,49
PRS1284862,8
PRS1284863,91
PRS1284866,52
PRS1284886,10
PRS1284890,50
PRS1284895,38
PRS1284898,12
PRS1284917,18
PRS1284923,97
PRS1284930,4
PRS1284971,14
PRS1285097,5
PRS1285112,21
PRS1285123,1
PRS1285139,53
PRS1285144,13
PRS1285178,58
PRS1285205,465
PRS1285210,76
PRS1285222,140
PRS1285258,512
PRS1285263,36
PRS1285265,35
PRS1285268,123
PRS1285279,14
PRS1285285,76
PRS1285288,4
PRS1285291,66
PRS1285328,9
PRS1285329,13
PRS1285337,28
PRS1285405,77
PRS1285463,300
PRS1285466,5
PRS1285534,12
PRS1285589,41
PRS1285597,353
PRS1285601,3
PRS1285605,65
PRS1285623,116
PRS1285633,241
PRS1285645,16
PRS1285650,81
PRS1285651,6
PRS1285674,20
PRS1285780,536
PRS1285809,17
PRS1285819,36
PRS1285849,135
PRS1285872,188
PRS1285878,54
PRS1285936,44
PRS1285955,23
PRS1285984,0
PRS1285994,10
PRS1286000,58
PRS1286003,55
PRS1286005,29
PRS1286027,0
PRS1286033,187
PRS1286035,2
PRS1286036,103
PRS1286043,9
PRS1286044,39
PRS1286062,164
PRS1286070,17
PRS1286073,44
PRS1286086,0
PRS1286147,629
PRS1286155,52
PRS1286178,367
PRS1286191,89
PRS1286198,22
PRS1286199,188
PRS1286204,319
PRS1286208,53
PRS1286227,78
PRS1286237,36
PRS1286238,26
PRS1286264,6
PRS1286288,16
PRS1286292,76
PRS1286319,10
PRS1286326,43
PRS1286353,189
PRS1286354,16
PRS1286359,43
PRS1286368,31
PRS1286369,28
PRS1286374,20
PRS1286379,74
PRS1286395,140
PRS1286413,50
PRS1286433,6
PRS1286462,439
PRS1286468,3
PRS1286470,1441
PRS1286479,59
PRS1286492,178
PRS1286504,184
PRS1286515,6
PRS1286518,91
PRS1286524,359
PRS1286544,9
PRS1286553,6
PRS1286601,2
PRS1286615,68
PRS1286659,35
PRS1286721,30
PRS1286741,2
PRS1286749,34
PRS1286833,75
PRS1286917,116
PRS1286948,18
PRS1286953,89
PRS1287019,140
PRS1287082,51
PRS1287136,84
PRS1287140,2
PRS1287159,115
PRS1287163,80
PRS1287214,366
PRS1287222,19
PRS1287226,119
PRS1287254,461
PRS1287281,9
PRS1287284,59
PRS1287326,45
PRS1287328,18
PRS1287332,21
PRS1287366,66
PRS1287422,45
PRS1287456,47
PRS1287457,11
PRS1287483,41
PRS1287494,100
PRS1287510,24
PRS1287516,47
PRS1287518,47
PRS1287524,198
PRS1287550,95
PRS1287577,161
PRS1287586,91
PRS1287593,618
PRS1287603,6
PRS1287610,7
PRS1287616,2
PRS1287624,2
PRS1287706,21
PRS1287754,40
PRS1287762,25
PRS1287775,128
PRS1287791,8
PRS1287797,21
PRS1287810,196
PRS1287825,13
PRS1287829,8
PRS1287840,472
PRS1287842,10
PRS1287843,146
PRS1287846,7
PRS1287859,2
PRS1287861,12
PRS1287865,115
PRS1287866,95
PRS1287868,42
PRS1287876,4
PRS1287881,147
PRS1287883,75
PRS1287885,277
PRS1287886,13
PRS1287888,2
PRS1287891,115
PRS1287898,12
PRS1287899,1410
PRS1287908,15
PRS1287909,7
PRS1287913,8
PRS1287955,25
PRS1287956,14
PRS1287959,2
PRS1287966,119
PRS1287969,4
PRS1287974,2
PRS1287997,12
PRS1287999,9
PRS1288003,23
PRS1288004,67
PRS1288027,9
PRS1288047,35
PRS1288056,78
PRS1288057,11
PRS1288200,1
PRS1288209,23
PRS1288309,93
PRS1288319,19
PRS1288325,37
PRS1288326,118
PRS1288340,2
PRS1288377,23
PRS1288409,210
PRS1288410,125
PRS1288431,26
PRS1288465,116
PRS1288471,9
PRS1288550,114
PRS1288563,8
PRS1288575,6
PRS1288582,24
PRS1288601,4
PRS1288612,22
PRS1288613,104
PRS1288624,111
PRS1288635,6
PRS1288687,13
PRS1288765,243
PRS1288780,445
PRS1288784,592
PRS1288800,26
PRS1288810,11
PRS1288813,9
PRS1288817,13
PRS1288836,168
PRS1288847,412
PRS1288894,1069
PRS1288908,35
PRS1288923,9
PRS1288935,30
PRS1288941,46
PRS1288942,143
PRS1288953,204
PRS1288988,78
PRS1289010,94
PRS1289060,42
PRS1289100,108
PRS1289101,5
PRS1289104,8
PRS1289119,2
PRS1289125,14
PRS1289156,236
PRS1289166,124
PRS1289219,41
PRS1289261,125
PRS1289294,265
PRS1289299,0
PRS1289308,67
PRS1289368,2705
PRS1289401,48
PRS1289426,521
PRS1289444,180
PRS1289488,388
PRS1289525,1
PRS1289526,0
PRS1289530,50
PRS1289532,19
PRS1289549,20
PRS1289552,264
PRS1289555,1
PRS1289576,49
PRS1289644,20
PRS1289645,12
PRS1289647,61
PRS1289687,10
PRS1289739,2045
PRS1289740,8
PRS1289742,115
PRS1289794,3
PRS1289799,22
PRS1289802,24
PRS1289813,14
PRS1289820,29
PRS1289869,1
PRS1289887,26
PRS1289894,39
PRS1289896,37
PRS1289899,78
PRS1289925,85
PRS1289933,243
PRS1290023,14
PRS1290032,54
PRS1290052,91
PRS1290088,1337
PRS1290093,44
PRS1290117,276
PRS1290119,1186
PRS1290157,8
PRS1290167,10
PRS1290168,11
PRS1290223,6774
PRS1290225,24
PRS1290252,80
PRS1290258,9
PRS1290264,12
PRS1290318,1146
PRS1290320,42
PRS1290321,1
PRS1290355,19
PRS1290362,26
PRS1290390,165
PRS1290408,82
PRS1290436,125
PRS1290459,16
PRS1290478,1002
PRS1290497,3
PRS1290498,51
PRS1290508,21
PRS1290509,22
PRS1290520,112
PRS1290545,73
PRS1290581,117
PRS1290624,22
PRS1290629,10
PRS1290632,96
PRS1290633,13
PRS1290653,19
PRS1290659,181
PRS1290661,326
PRS1290672,44
PRS1290680,47
PRS1290697,53
PRS1290720,54
PRS1290750,109
PRS1290762,39
PRS1290763,101
PRS1290788,88
PRS1290791,16
PRS1290795,578
PRS1290797,61
PRS1290802,57
PRS1290814,403
PRS1290824,3
PRS1290840,31
PRS1290846,980
PRS1290848,7
PRS1290852,304
PRS1290859,20
PRS1290883,466
PRS1290903,83
PRS1290912,5797
PRS1290930,24
PRS1290952,148
PRS1290978,27
PRS1291050,24
PRS1291051,13
PRS1291054,66
PRS1291097,287
PRS1291196,94
PRS1291202,3
PRS1291207,15
PRS1291223,182
PRS1291244,4
PRS1291249,82
PRS1291274,27
PRS1291275,51
PRS1291282,7408
PRS1291283,67
PRS1291320,203
PRS1291332,809
PRS1291374,15
PRS1291396,32
PRS1291398,775
PRS1291410,69
PRS1291424,458
PRS1291440,8
PRS1291444,121
PRS1291496,52
PRS1291503,13
PRS1291504,52
PRS1291512,3
PRS1291519,28
PRS1291537,21
PRS1291549,60
PRS1291555,240
PRS1291566,24
PRS1291568,47
PRS1291587,115
PRS1291621,8
PRS1291622,155
PRS1291623,25
PRS1291629,0
PRS1291631,9
PRS1291633,4
PRS1291649,78
PRS1291653,52
PRS1291657,54
PRS1291659,6
PRS1291667,17
PRS1291675,5
PRS1291744,45
PRS1291745,2
PRS1291751,9
PRS1291755,30
PRS1291764,218
PRS1291816,114
PRS1291835,37
PRS1291847,13
PRS1291849,20
PRS1291856,9
PRS1291862,10
PRS1291864,5
PRS1291867,46
PRS1291874,34
PRS1291885,11
PRS1291887,14
PRS1291905,12
PRS1291908,155
PRS1291916,28
PRS1291919,0
PRS1291921,70
PRS1291923,67
PRS1291926,31
PRS1291932,1133
PRS1291933,18
PRS1291938,5
PRS1291941,138
PRS1291946,131
PRS1291952,19
PRS1291953,8
PRS1291956,129
PRS1291968,34
PRS1291969,457
PRS1291971,1095
PRS1291999,15
PRS1292001,8
PRS1292020,63
PRS1292024,6
PRS1292038,62
PRS1292050,44
PRS1292055,35
PRS1292060,18
PRS1292072,75
PRS1292092,2
PRS1292097,88
PRS1292105,26
PRS1292129,67
PRS1292134,33
PRS1292148,416
PRS1292179,186
PRS1292181,77
PRS1292186,391
PRS1292189,14
PRS1292194,9
PRS1292201,605
PRS1292207,75
PRS1292208,64
PRS1292209,79
PRS1292219,6
PRS1292239,22
PRS1292250,0
PRS1292253,54
PRS1292279,53
PRS1292370,1228
PRS1292371,169
PRS1292403,133
PRS1292409,26
PRS1292417,0
PRS1292430,79
PRS1292433,10
PRS1292435,60
PRS1292443,25
PRS1292444,7
PRS1292446,11
PRS1292447,4
PRS1292449,32
PRS1292489,36
PRS1292512,40
PRS1292548,12
PRS1292564,20
PRS1292569,769
PRS1292605,17
PRS1292627,111
PRS1292641,21
PRS1292643,61
PRS1292652,1
PRS1292665,12
PRS1292668,42
PRS1292675,38
PRS1292696,14
PRS1292704,21
PRS1292720,2
PRS1292723,9
PRS1292729,22
PRS1292742,10
PRS1292748,377
PRS1292760,30
PRS1292772,94
PRS1292819,15
PRS1292825,17
PRS1292851,256
PRS1292943,42
PRS1292990,3
PRS1292998,150
PRS1292999,17
PRS1293015,153
PRS1293017,510
PRS1293023,10
PRS1293028,81
PRS1293033,1265
PRS1293034,37
PRS1293051,100
PRS1293055,347
PRS1293058,1
PRS1293067,16
PRS1293068,64
PRS1293108,26
PRS1293126,1
PRS1293138,4
PRS1293141,458
PRS1293145,32
PRS1293146,27
PRS1293152,173
PRS1293154,17
PRS1293162,138
PRS1293176,70
PRS1293180,55
PRS1293189,92
PRS1293245,30
PRS1293260,80
PRS1293267,24
PRS1293284,0
PRS1293293,148
PRS1293305,44
PRS1293359,11
PRS1293360,95
PRS1293376,42
PRS1293384,36
PRS1293456,30
PRS1293460,117
PRS1293462,46
PRS1293492,8
PRS1293510,45
PRS1293530,3
PRS1293532,3
PRS1293548,12
PRS1293593,38
PRS1293599,371
PRS1293618,16
PRS1293638,47
PRS1293647,25
PRS1293680,11
PRS1293691,61
PRS1293704,5
PRS1293705,5
PRS1293714,35
PRS1293730,272
PRS1293733,317
PRS1293738,44
PRS1293746,34
PRS1293795,33
PRS1293855,91
PRS1293873,1
PRS1293889,22
PRS1293898,17
PRS1293923,44
PRS1293927,10
PRS1293933,10
PRS1293946,99
PRS1293953,53
PRS1293966,34
PRS1293968,10
PRS1294002,18
PRS1294017,42
PRS1294030,337
PRS1294045,18
PRS1294062,15
PRS1294072,27
PRS1294082,40
PRS1294093,4
PRS1294107,48
PRS1294108,2
PRS1294140,56
PRS1294144,143
PRS1294147,22
PRS1294154,425
PRS1294155,93
PRS1294201,21
PRS1294202,38
PRS1294203,95
PRS1294245,80
PRS1294257,14
PRS1294274,7
PRS1294294,16
PRS1294316,13
PRS1294323,5
PRS1294329,0
PRS1294346,29
PRS1294366,22
PRS1294371,39
PRS1294378,58
PRS1294383,14
PRS1294401,8
PRS1294416,1044
PRS1294441,20
PRS1294443,10
PRS1294475,9
PRS1294480,25
PRS1294490,12
PRS1294493,20
PRS1294494,50
PRS1294500,94
PRS1294516,533
PRS1294534,28
PRS1294539,6
PRS1294550,36
PRS1294564,31
PRS1294569,1
PRS1294587,25
PRS1294617,175
PRS1294628,46
PRS1294632,3
PRS1294633,44
PRS1294634,130
PRS1294639,243
PRS1294650,21
PRS1294674,50
PRS1294677,6
PRS1294682,36
PRS1294684,21
PRS1294706,3
PRS1294712,19
PRS1294738,125
PRS1294759,2
PRS1294760,348
PRS1294764,64
PRS1294772,85
PRS1294778,18
PRS1294779,78
PRS1294780,59
PRS1294781,124
PRS1294782,44
PRS1294783,25
PRS1294784,164
PRS1294802,12
PRS1294803,8
PRS1294810,17
PRS1294819,2
PRS1294820,33
PRS1294829,55
PRS1294830,32
PRS1294831,37
PRS1294833,15
PRS1294864,12
PRS1294876,12
PRS1294884,25
PRS1294912,29
PRS1295002,8
PRS1295003,5
PRS1295016,7
PRS1295053,16
PRS1295055,29
PRS1295068,0
PRS1295074,178
PRS1295093,10
PRS1295118,143
PRS1295124,19
PRS1295162,1
PRS1295165,18
PRS1295173,35
PRS1295175,1
PRS1295180,65
PRS1295184,52
PRS1295193,148
PRS1295194,68
PRS1295213,36
PRS1295231,24
PRS1295235,41
PRS1295243,174
PRS1295247,39
PRS1295256,34
PRS1295259,177
PRS1295268,104
PRS1295341,2
PRS1295349,216
PRS1295350,6
PRS1295352,18
PRS1295373,18
PRS1295387,545
PRS1295388,734
PRS1295389,141
PRS1295408,39
PRS1295428,43
PRS1295449,15
PRS1295462,83
PRS1295469,74
PRS1295485,35
PRS1295494,78
PRS1295495,23
PRS1295516,211
PRS1295518,17
PRS1295524,13
PRS1295525,41
PRS1295526,47
PRS1295534,0
PRS1295562,14
PRS1295563,90
PRS1295569,0
PRS1295667,6
PRS1295717,29
PRS1295804,35
PRS1295829,3
PRS1295840,7
PRS1295905,44
PRS1295959,4
PRS1295986,32
PRS1296025,28
PRS1296033,14
PRS1296047,84
PRS1296116,93
PRS1296122,33
PRS1296132,17
PRS1296133,5
PRS1296141,55
PRS1296166,38
PRS1296197,174
PRS1296291,9
PRS1296308,130
PRS1296313,31
PRS1296373,82
PRS1296396,105
PRS1296530,12
PRS1296678,11
PRS1296692,103
PRS1296728,12
PRS1296737,25
PRS1296838,5
PRS1296860,15
PRS1296892,65
PRS1296936,97
PRS1297004,74
PRS1297006,83
PRS1297062,51
PRS1297121,316
PRS1297127,416
PRS1297129,164
PRS1297130,269
PRS1297134,275
PRS1297139,3
PRS1297148,2
PRS1297150,115
PRS1297151,9
PRS1297169,18
PRS1297190,73
PRS1297211,314
PRS1297223,0
PRS1297224,19
PRS1297248,44
PRS1297249,9
PRS1297251,0
PRS1297254,3224
PRS1297293,73
PRS1297295,12
PRS1297308,26
PRS1297319,383
PRS1297326,218
PRS1297339,25
PRS1297359,74
PRS1297362,2
PRS1297377,45
PRS1297381,148
PRS1297416,41
PRS1297417,0
PRS1297418,56
PRS1297420,1
PRS1297421,49
PRS1297460,176
PRS1297510,69
PRS1297517,118
PRS1297526,13
PRS1297545,51
PRS1297548,2
PRS1297550,135
PRS1297551,41
PRS1297564,19
PRS1297567,38
PRS1297568,234
PRS1297571,37
PRS1297572,8
PRS1297576,0
PRS1297579,13
PRS1297586,60
PRS1297601,175
PRS1297621,173
PRS1297629,177
PRS1297641,13
PRS1297665,63
PRS1297690,0
PRS1297692,102
PRS1297695,1
PRS1297731,10
PRS1297752,144
PRS1297774,17
PRS1297843,682
PRS1297849,400
PRS1297850,162
PRS1297852,1803
PRS1297869,33
PRS1297886,8
PRS1297915,14
PRS1297916,51
PRS1297921,33
PRS1297929,0
PRS1297987,7
PRS1297997,42
PRS1298005,333
PRS1298024,122
PRS1298049,3
PRS1298083,10
PRS1298101,13
PRS1298103,32
PRS1298257,8
PRS1298259,4
PRS1298261,343
PRS1298277,40
PRS1298280,21
PRS1298283,0
PRS1298285,48
PRS1298291,45
PRS1298293,13
PRS1298304,158
PRS1298305,26
PRS1298308,11
PRS1298310,4
PRS1298312,2
PRS1298325,548
PRS1298350,63
PRS1298366,16
PRS1298377,5
PRS1298379,13
PRS1298381,0
PRS1298389,58
PRS1298390,31
PRS1298405,79
PRS1298429,7
PRS1298441,21
PRS1298464,104
PRS1298485,102
PRS1298495,9
PRS1298511,8
PRS1298541,4
PRS1298546,42
PRS1298549,7
PRS1298580,78
PRS1298581,113
PRS1298583,68
PRS1298594,6
PRS1298598,47
PRS1298599,45
PRS1298600,25
PRS1298608,18
PRS1298617,13
PRS1298619,4
PRS1298620,17
PRS1298632,14
PRS1298633,33
PRS1298634,15
PRS1298667,9
PRS1298670,18
PRS1298690,849
PRS1298691,16
PRS1298706,328
PRS1298736,33
PRS1298775,1942
PRS1298790,5
PRS1298804,9
PRS1298854,4
PRS1298857,22
PRS1298879,60
PRS1298911,7
PRS1298929,29
PRS1298946,20
PRS1298965,11
PRS1299017,59
PRS1299030,2
PRS1299038,50
PRS1299042,0
PRS1299044,28
PRS1299045,0
PRS1299057,7
PRS1299079,21
PRS1299088,275
PRS1299104,45
PRS1299140,37
PRS1299169,22
PRS1299193,84
PRS1299225,63
PRS1299251,45
PRS1299258,7
PRS1299261,0
PRS1299265,3
PRS1299345,150
PRS1299360,34
PRS1299370,28
PRS1299413,25
PRS1299430,17
PRS1299505,136
PRS1299517,6930
PRS1299528,19
PRS1299540,23
PRS1299542,16
PRS1299563,290
PRS1299608,8
PRS1299748,771
PRS1299781,54
PRS1299784,161
PRS1299827,188
PRS1299835,3
PRS1299853,96
PRS1299866,329
PRS1299899,55
PRS1299927,10
PRS1299952,53
PRS1299976,0
PRS1299981,34
PRS1299994,13
PRS1299995,32
PRS1300030,30
PRS1300076,393
PRS1300095,21
PRS1300117,25
PRS1300123,25
PRS1300124,182
PRS1300178,12
PRS1300184,48
PRS1300227,11
PRS1300229,0
PRS1300245,21
PRS1300270,23
PRS1300279,273
PRS1300323,84
PRS1300379,1467
PRS1300405,141
PRS1300430,747
PRS1300443,118
PRS1300449,152
PRS1300453,13
PRS1300514,12
PRS1300515,15
PRS1300536,22
PRS1300555,54
PRS1300557,7
PRS1300566,26
PRS1300610,44
PRS1300611,10
PRS1300619,312
PRS1300641,2
PRS1300704,13
PRS1300719,3
PRS1300732,1393
PRS1300740,77
PRS1300762,9
PRS1300768,0
PRS1300774,15
PRS1300787,64
PRS1300800,0
PRS1300840,57
PRS1300842,550
PRS1300846,15
PRS1300860,77
PRS1300863,82
PRS1300865,32
PRS1300872,29
PRS1300895,78
PRS1300901,9
PRS1300902,24
PRS1300918,160
PRS1300928,30
PRS1300937,113
PRS1300982,89
PRS1301014,2
PRS1301018,114
PRS1301031,13
PRS1301083,78
PRS1301140,304
PRS1301141,3
PRS1301142,33
PRS1301145,22
PRS1301146,22
PRS1301152,39
PRS1301156,8
PRS1301157,114
PRS1301162,2
PRS1301165,2
PRS1301167,6
PRS1301170,184
PRS1301186,20
PRS1301193,4
PRS1301196,164
PRS1301199,28
PRS1301201,72
PRS1301231,50
PRS1301302,234
PRS1301303,80
PRS1301309,210
PRS1301311,190
PRS1301328,104
PRS1301343,11
PRS1301376,996
PRS1301378,10
PRS1301380,9
PRS1301386,396
PRS1301441,71
PRS1301442,44
PRS1301448,39
PRS1301449,16
PRS1301464,1
PRS1301506,40
PRS1301524,5
PRS1301528,74
PRS1301536,32
PRS1301543,171
PRS1301569,27
PRS1301598,70
PRS1301599,136
PRS1301658,2
PRS1301680,18
PRS1301725,14
PRS1301726,13
PRS1301745,12
PRS1301746,453
PRS1301747,9
PRS1301762,1
PRS1301770,10
PRS1301794,28
PRS1301798,59
PRS1301819,53
PRS1301830,26
PRS1301837,52
PRS1301839,47
PRS1301875,82
PRS1301886,52
PRS1301898,4
PRS1301899,508
PRS1301902,42
PRS1301922,630
PRS1301931,62
PRS1301963,43
PRS1301974,150
PRS1301989,21
PRS1302019,10
PRS1302028,63
PRS1302043,14
PRS1302045,113
PRS1302046,41
PRS1302053,26
PRS1302058,16
PRS1302061,6
PRS1302069,6
PRS1302085,38
PRS1302114,23
PRS1302156,0
PRS1302168,26
PRS1302181,72
PRS1302210,652
PRS1302223,6
PRS1302289,78
PRS1302319,81
PRS1302351,0
PRS1302358,78
PRS1302425,239
PRS1302523,6
PRS1302527,2
PRS1302542,7
PRS1302555,46
PRS1302667,79
PRS1302698,18
PRS1303020,530
PRS1303124,5
PRS1303137,52
PRS1303145,11
PRS1303161,62
PRS1303172,11
PRS1303173,81
PRS1303176,157
PRS1303178,15
PRS1303190,5458
PRS1303207,18
PRS1303210,283
PRS1303211,79
PRS1303216,121
PRS1303251,16
PRS1303292,7
PRS1303335,0
PRS1303346,59
PRS1303351,3
PRS1303383,21
PRS1303385,6
PRS1303392,7
PRS1303396,13
PRS1303397,29
PRS1303401,55
PRS1303424,288
PRS1303507,17
PRS1303537,354
PRS1303543,84
PRS1303545,13
PRS1303547,377
PRS1303552,0
PRS1303609,400
PRS1303646,64
PRS1303648,159
PRS1303657,21
PRS1303659,30
PRS1303693,107
PRS1303704,112
PRS1303764,16
PRS1303777,20
PRS1303797,26
PRS1303800,27
PRS1303803,741
PRS1303805,27
PRS1303832,102
PRS1303833,33
PRS1303839,68
PRS1303841,40
PRS1303869,0
PRS1303926,26
PRS1303939,152
PRS1303963,12
PRS1304002,8
PRS1304028,66
PRS1304071,10
PRS1304082,127
PRS1304090,22
PRS1304094,51
PRS1304096,9
PRS1304194,18
PRS1304197,60
PRS1304198,9
PRS1304200,22
PRS1304228,3
PRS1304233,29
PRS1304282,40
PRS1304295,41
PRS1304377,97
PRS1304383,137
PRS1304398,26
PRS1304400,60
PRS1304407,8
PRS1304418,48
PRS1304421,90
PRS1304423,2
PRS1304427,39
PRS1304466,558
PRS1304471,48
PRS1304475,73
PRS1304586,8
PRS1304607,118
PRS1304609,68
PRS1304646,8
PRS1304649,16
PRS1304651,2
PRS1304655,32
PRS1304657,7
PRS1304694,19
PRS1304715,181
PRS1304720,13
PRS1304768,2963
PRS1304776,54
PRS1304805,171
PRS1304846,99
PRS1304889,213
PRS1304999,816
PRS1305077,84
PRS1305084,541
PRS1305085,114
PRS1305086,104
PRS1305103,191
PRS1305107,26
PRS1305115,4
PRS1305133,122
PRS1305137,15
PRS1305142,25
PRS1305146,115
PRS1305148,126
PRS1305169,12
PRS1305172,305
PRS1305173,74
PRS1305209,118
PRS1305226,128
PRS1305238,63
PRS1305247,78
PRS1305279,297
PRS1305296,9
PRS1305338,0
PRS1305346,3
PRS1305351,7
PRS1305361,35
PRS1305364,65
PRS1305372,6
PRS1305379,203
PRS1305388,11
PRS1305398,2
PRS1305407,56
PRS1305408,122
PRS1305442,39
PRS1305515,12
PRS1305545,76
PRS1305549,52
PRS1305561,42
PRS1305571,8
PRS1305578,5
PRS1305610,104
PRS1305637,8
PRS1305640,108
PRS1305664,151
PRS1305667,3
PRS1305671,136
PRS1305672,27
PRS1305673,190
PRS1305679,7
PRS1305690,99
PRS1305691,107
PRS1305718,29
PRS1305729,70
PRS1305735,56
PRS1305761,37
PRS1305779,108
PRS1305821,906
PRS1305825,1
PRS1305868,196
PRS1305869,110
PRS1305917,49
PRS1305983,50
PRS1306061,14
PRS1306105,45
PRS1306107,14
PRS1306146,137
PRS1306155,0
PRS1306270,13
PRS1306277,85
PRS1306291,41
PRS1306314,51
PRS1306316,15
PRS1306462,131
PRS1306482,5
PRS1306618,270
PRS1306643,59
PRS1306651,53
PRS1306665,6
PRS1306681,29
PRS1306695,0
PRS1306722,22
PRS1306756,0
PRS1306760,8
PRS1306799,63
PRS1306838,44
PRS1306864,20
PRS1306884,8
PRS1306885,18
PRS1306887,13
PRS1306888,44
PRS1306898,76
PRS1306899,416
PRS1306906,881
PRS1306913,22
PRS1306928,17
PRS1306929,6
PRS1306935,257
PRS1306965,23
PRS1306968,33
PRS1306970,4
PRS1306971,130
PRS1306990,35
PRS1307023,50
PRS1307029,58
PRS1307036,9
PRS1307038,6
PRS1307039,1274
PRS1307040,108
PRS1307046,526
PRS1307051,129
PRS1307061,30
PRS1307067,15
PRS1307068,20
PRS1307070,12
PRS1307085,6
PRS1307125,1131
PRS1307134,193
PRS1307143,15
PRS1307158,85
PRS1307168,14
PRS1307170,60
PRS1307183,207
PRS1307200,22
PRS1307202,172
PRS1307205,24
PRS1307206,15
PRS1307211,61
PRS1307215,67
PRS1307217,159
PRS1307219,37
PRS1307229,21
PRS1307237,18
PRS1307241,6
PRS1307247,2
PRS1307250,24
PRS1307252,87
PRS1307253,31
PRS1307254,13
PRS1307256,19
PRS1307257,7
PRS1307261,68
PRS1307267,6
PRS1307270,319
PRS1307272,50
PRS1307276,26
PRS1307277,31
PRS1307280,16
PRS1307283,822
PRS1307294,10
PRS1307372,81
PRS1307380,51
PRS1307392,79
PRS1307414,226
PRS1307425,146
PRS1307486,53
PRS1307546,9
PRS1307646,18
PRS1307651,736
PRS1307679,3
PRS1307709,160
PRS1307715,155
PRS1307752,25
PRS1307774,36
PRS1307775,41
PRS1307790,58
PRS1307803,72
PRS1307813,8
PRS1307815,14
PRS1307818,3
PRS1307820,107
PRS1307829,171
PRS1307880,6
PRS1307951,68
PRS1307959,64
PRS1307991,220
PRS1308024,25
PRS1308042,46
PRS1308054,41
PRS1308088,23
PRS1308098,77
PRS1308112,26
PRS1308145,85
PRS1308155,6
PRS1308161,42
PRS1308166,331
PRS1308168,14
PRS1308197,137
PRS1308211,36
PRS1308212,97
PRS1308214,18
PRS1308241,5
PRS1308255,149
PRS1308256,9
PRS1308305,13
PRS1308314,8
PRS1308324,33
PRS1308347,5
PRS1308355,72
PRS1308360,28
PRS1308364,117
PRS1308373,7
PRS1308393,32
PRS1308405,30
PRS1308407,69
PRS1308414,11
PRS1308415,67
PRS1308461,6
PRS1308466,12
PRS1308470,54
PRS1308545,11
PRS1308561,18
PRS1308621,2
PRS1308631,1
PRS1308641,92
PRS1308643,17
PRS1308683,1639
PRS1308684,17
PRS1308704,70
PRS1308745,59
PRS1308761,30
PRS1308774,187
PRS1308804,32
PRS1308817,66
PRS1308818,11
PRS1308847,196
PRS1308864,105
PRS1308883,112
PRS1308885,314
PRS1308893,137
PRS1308941,24
PRS1308946,6
PRS1308957,78
PRS1308964,6
PRS1308969,115
PRS1308975,57
PRS1308980,11
PRS1308988,1
PRS1308990,44
PRS1309003,171
PRS1309021,23
PRS1309023,41
PRS1309024,13
PRS1309059,177
PRS1309060,56
PRS1309090,16
PRS1309104,201
PRS1309108,17
PRS1309111,423
PRS1309165,81
PRS1309187,83
PRS1309188,114
PRS1309211,45
PRS1309229,46
PRS1309271,15
PRS1309289,6
PRS1309293,8
PRS1309306,214
PRS1309316,24
PRS1309319,9
PRS1309322,2
PRS1309328,344
PRS1309336,6
PRS1309340,7
PRS1309342,90
PRS1309363,85
PRS1309375,133
PRS1309392,17
PRS1309405,98
PRS1309418,111
PRS1309423,16
PRS1309429,11
PRS1309443,10
PRS1309444,9
PRS1309448,21
PRS1309462,65
PRS1309473,0
PRS1309477,143
PRS1309481,154
PRS1309527,224
PRS1309551,51
PRS1309565,51
PRS1309571,86
PRS1309572,24
PRS1309573,4
PRS1309574,92
PRS1309596,24
PRS1309602,70
PRS1309616,14
PRS1309635,105
PRS1309675,33
PRS1309703,52
PRS1309704,18
PRS1309705,125
PRS1309725,84
PRS1309753,5
PRS1309819,26
PRS1309820,1
PRS1309829,4
PRS1309830,4
PRS1309838,48
PRS1309846,85
PRS1309890,67
PRS1309893,119
PRS1309894,1
PRS1309897,10
PRS1309901,8
PRS1309918,73
PRS1309921,44
PRS1309924,18
PRS1309946,1
PRS1309967,13
PRS1309968,135
PRS1309969,41
PRS1309976,5
PRS1309978,87
PRS1310003,1844
PRS1310036,80
PRS1310084,20
PRS1310183,118
PRS1310189,141
PRS1310207,53
PRS1310238,9
PRS1310242,13
PRS1310302,8
PRS1310348,208
PRS1310356,12
PRS1310389,92
PRS1310398,5
PRS1310423,95
PRS1310437,14
PRS1310479,22
PRS1310480,479
PRS1310491,1
PRS1310495,26
PRS1310578,26
PRS1310581,78
PRS1310597,84
PRS1310601,73
PRS1310604,76
PRS1310611,52
PRS1310614,229
PRS1310616,2
PRS1310617,40
PRS1310618,6
PRS1310625,14
PRS1310632,16
PRS1310639,26
PRS1310648,57
PRS1310681,48
PRS1310682,10
PRS1310685,499
PRS1310715,114
PRS1310745,6
PRS1310808,6
PRS1310862,82
PRS1311008,54
PRS1311026,34
PRS1311038,98
PRS1311070,23
PRS1311104,685
PRS1311129,73
PRS1311145,52
PRS1311174,7
PRS1311181,34
PRS1311182,38
PRS1311183,62
PRS1311209,35
PRS1311211,110
PRS1311212,172
PRS1311214,31
PRS1311225,21
PRS1311227,426
PRS1311237,107
PRS1311276,1
PRS1311285,104
PRS1311287,67
PRS1311288,35
PRS1311290,59
PRS1311303,12
PRS1311311,2
PRS1311313,21
PRS1311315,23
PRS1311322,20
PRS1311325,10
PRS1311360,72
PRS1311364,5
PRS1311369,53
PRS1311413,62
PRS1311427,111
PRS1311508,11
PRS1311560,7
PRS1311577,3
PRS1311587,164
PRS1311646,109
PRS1311648,14
PRS1311664,72
PRS1311674,27
PRS1311688,32
PRS1311698,53
PRS1311701,5
PRS1311712,2
PRS1311714,46
PRS1311735,2
PRS1311751,47
PRS1311761,3
PRS1311779,389
PRS1311786,11
PRS1311792,43
PRS1311793,17
PRS1311800,41
PRS1311801,63
PRS1311853,0
PRS1311861,20
PRS1311889,2
PRS1311891,45
PRS1311915,5
PRS1311916,26
PRS1311924,1469
PRS1311934,53
PRS1311961,90
PRS1311973,14
PRS1312010,1
PRS1312011,153
PRS1312014,15
PRS1312056,223
PRS1312077,25
PRS1312086,11
PRS1312087,14
PRS1312088,38
PRS1312089,1
PRS1312090,53
PRS1312091,766
PRS1312095,248
PRS1312097,71
PRS1312098,64
PRS1312100,18
PRS1312103,18
PRS1312104,2
PRS1312105,24
PRS1312109,7
PRS1312113,12
PRS1312115,364
PRS1312121,638
PRS1312131,4
PRS1312159,536
PRS1312162,396
PRS1312166,11
PRS1312190,6
PRS1312216,140
PRS1312240,7
PRS1312244,21
PRS1312246,0
PRS1312253,24
PRS1312273,70
PRS1312275,1
PRS1312306,41
PRS1312383,31
PRS1312437,198
PRS1312447,3
PRS1312448,27
PRS1312453,60
PRS1312455,80
PRS1312456,26
PRS1312460,102
PRS1312461,13
PRS1312463,44
PRS1312472,228
PRS1312477,14
PRS1312541,27
PRS1312578,17
PRS1312586,2
PRS1312603,78
PRS1312632,309
PRS1312633,44
PRS1312634,70
PRS1312643,14
PRS1312658,8
PRS1312661,90
PRS1312665,0
PRS1312671,19
PRS1312677,12
PRS1312681,39
PRS1312682,7
PRS1312702,371
PRS1312721,2
PRS1312736,53
PRS1312751,365
PRS1312756,93
PRS1312757,25
PRS1312758,13
PRS1312759,67
PRS1312770,21
PRS1312825,35
PRS1312835,259
PRS1312850,205
PRS1312860,37
PRS1312868,30
PRS1312894,27
PRS1312897,38
PRS1312912,4
PRS1313004,4
PRS1313027,1
PRS1313063,4
PRS1313071,306
PRS1313109,89
PRS1313114,7
PRS1313122,49
PRS1313130,335
PRS1313135,238
PRS1313145,11
PRS1313217,25
PRS1313277,5
PRS1313278,69
PRS1313290,12
PRS1313296,28
PRS1313313,50
PRS1313314,239
PRS1313315,650
PRS1313323,43
PRS1313325,57
PRS1313329,0
PRS1313332,241
PRS1313350,165
PRS1313352,13
PRS1313356,33
PRS1313359,79
PRS1313365,17
PRS1313380,26
PRS1313392,43
PRS1313402,88
PRS1313403,12
PRS1313445,401
PRS1313455,23
PRS1313478,37
PRS1313495,439
PRS1313520,36
PRS1313537,30
PRS1313539,446
PRS1313583,83
PRS1313584,52
PRS1313615,92
PRS1313637,16
PRS1313643,1
PRS1313649,1
PRS1313654,4
PRS1313657,5
PRS1313661,34
PRS1313667,281
PRS1313672,110
PRS1313746,31
PRS1313767,24
PRS1313771,54
PRS1313777,20
PRS1313779,43
PRS1313780,25
PRS1313781,2
PRS1313789,15
PRS1313797,3
PRS1313806,35
PRS1313815,17
PRS1313818,12
PRS1313821,1025
PRS1313829,3
PRS1313830,134
PRS1313832,5
PRS1313928,409
PRS1313934,307
PRS1313937,152
PRS1313947,166
PRS1314033,154
PRS1314038,1
PRS1314041,39
PRS1314079,308
PRS1314132,351
PRS1314145,3152
PRS1314178,0
PRS1314184,0
PRS1314192,21
PRS1314194,0
PRS1314234,63
PRS1314261,72
PRS1314281,18
PRS1314292,1338
PRS1314300,44
PRS1314317,398
PRS1314329,552
PRS1314405,20
PRS1314421,18
PRS1314423,103
PRS1314436,362
PRS1314470,22
PRS1314483,44
PRS1314499,90
PRS1314570,130
PRS1314576,75
PRS1314591,51
PRS1314602,61
PRS1314605,4
PRS1314649,281
PRS1314708,834
PRS1314715,477
PRS1314745,117
PRS1314783,6
PRS1314805,46
PRS1314880,100
PRS1314903,12
PRS1314921,58
PRS1314941,29
PRS1314945,129
PRS1314948,143
PRS1314949,6
PRS1314970,6
PRS1314980,28
PRS1314987,58
PRS1314989,23
PRS1315020,0
PRS1315023,25
PRS1315024,10
PRS1315045,2
PRS1315080,61
PRS1315097,328
PRS1315100,42
PRS1315102,39
PRS1315103,53
PRS1315189,25
PRS1315191,47
PRS1315194,80
PRS1315256,44
PRS1315266,81
PRS1315286,36
PRS1315301,25
PRS1315355,140
PRS1315376,61
PRS1315384,48
PRS1315409,27
PRS1315422,34
PRS1315431,47
PRS1315439,171
PRS1315495,46
PRS1315521,8
PRS1315524,28
PRS1315564,45
PRS1315611,34
PRS1315613,215
PRS1315614,228
PRS1315619,14
PRS1315623,4
PRS1315669,12
PRS1315743,375
PRS1315785,403
PRS1315800,2
PRS1315801,12
PRS1315809,2
PRS1315822,15
PRS1315830,244
PRS1315852,9
PRS1315853,15
PRS1315854,23
PRS1315855,11
PRS1315861,45
PRS1315862,195
PRS1315864,40
PRS1315865,50
PRS1315870,8
PRS1315877,2
PRS1315897,10
PRS1315903,268
PRS1315907,11
PRS1315915,8
PRS1315919,6639
PRS1315920,12
PRS1315942,31
PRS1315946,8
PRS1315957,31
PRS1315958,94
PRS1315959,3
PRS1315980,10
PRS1315982,35
PRS1315990,191
PRS1315993,36
PRS1315994,15
PRS1316001,37
PRS1316012,920
PRS1316014,3
PRS1316016,15
PRS1316017,66
PRS1316018,28
PRS1316025,22
PRS1316033,286
PRS1316052,9
PRS1316057,17
PRS1316058,2
PRS1316060,1
PRS1316061,20
PRS1316067,17
PRS1316068,0
PRS1316069,32
PRS1316074,39
PRS1316076,83
PRS1316078,13
PRS1316081,111
PRS1316088,65
PRS1316094,3435
PRS1316097,4
PRS1316105,44
PRS1316106,58
PRS1316112,3
PRS1316115,14
PRS1316116,15
PRS1316135,8
PRS1316150,11
PRS1316176,406
PRS1316182,14
PRS1316203,20
PRS1316245,37
PRS1316248,37
PRS1316249,10
PRS1316302,58
PRS1316326,21
PRS1316344,378
PRS1316407,124
PRS1316420,22
PRS1316426,37
PRS1316428,111
PRS1316466,73
PRS1316470,22
PRS1316472,5
PRS1316474,3
PRS1316475,17
PRS1316479,392
PRS1316480,172
PRS1316481,7
PRS1316491,15
PRS1316495,58
PRS1316496,6
PRS1316499,2117
PRS1316503,20
PRS1316513,23
PRS1316525,78
PRS1316530,362
PRS1316531,131
PRS1316534,18
PRS1316535,139
PRS1316543,263
PRS1316548,859
PRS1316559,61
PRS1316560,46
PRS1316561,28
PRS1316563,17
PRS1316566,41
PRS1316567,15
PRS1316581,15
PRS1316582,49
PRS1316584,5
PRS1316659,22
PRS1316663,13
PRS1316669,139
PRS1316681,73
PRS1316684,88
PRS1316686,13
PRS1316687,256
PRS1316698,41
PRS1316709,13
PRS1316717,11
PRS1316718,4
PRS1316720,29
PRS1316730,14
PRS1316731,490
PRS1316735,5
PRS1316737,90
PRS1316745,5
PRS1316746,8
PRS1316785,6
PRS1316788,55
PRS1316790,28
PRS1316794,241
PRS1316812,103
PRS1316816,347
PRS1316824,48
PRS1316825,187
PRS1316834,49
PRS1316835,129
PRS1316846,2
PRS1316858,89
PRS1316865,0
PRS1316867,204
PRS1316869,118
PRS1316870,15
PRS1316874,18
PRS1316878,1465
PRS1316882,104
PRS1316884,31
PRS1316888,387
PRS1316898,12
PRS1316900,39
PRS1316901,106
PRS1316905,36
PRS1316919,8
PRS1316920,76
PRS1316925,3
PRS1316926,2
PRS1316927,31
PRS1316946,8
PRS1316957,87
PRS1316960,1471
PRS1316965,157
PRS1316982,182
PRS1316991,2
PRS1317002,1882
PRS1317023,45
PRS1317048,360
PRS1317062,98
PRS1317071,263
PRS1317085,8
PRS1317086,645
PRS1317089,6
PRS1317094,62
PRS1317105,533
PRS1317113,0
PRS1317123,83
PRS1317148,758
PRS1317157,74
PRS1317195,1
PRS1317198,751
PRS1317208,40
PRS1317220,22
PRS1317221,0
PRS1317224,2
PRS1317232,5
PRS1317233,25
PRS1317234,1
PRS1317236,0
PRS1317278,20
PRS1317293,83
PRS1317325,65
PRS1317355,50
PRS1317367,3
PRS1317385,89
PRS1317391,666
PRS1317440,15
PRS1317461,103
PRS1317476,14
PRS1317480,13
PRS1317482,36
PRS1317491,0
PRS1317713,4
PRS1317752,105
PRS1317806,0
PRS1317852,5
PRS1317877,60
PRS1317896,231
PRS1317929,86
PRS1317987,3
PRS1318016,256
PRS1318040,685
PRS1318058,13
PRS1318073,18
PRS1318089,61
PRS1318093,88
PRS1318141,38
PRS1318165,7
PRS1318168,18
PRS1318208,318
PRS1318255,135
PRS1318257,22
PRS1318275,216
PRS1318300,24
PRS1318318,16
PRS1318328,15
PRS1318330,44
PRS1318335,139
PRS1318339,329
PRS1318345,273
PRS1318380,79
PRS1318381,85
PRS1318382,54
PRS1318389,0
PRS1318413,6
PRS1318426,9
PRS1318494,6
PRS1318522,16
PRS1318564,11
PRS1318583,0
PRS1318591,37
PRS1318597,78
PRS1318600,94
PRS1318643,27
PRS1318644,14
PRS1318645,60
PRS1318655,9
PRS1318663,20
PRS1318674,186
PRS1318677,62
PRS1318686,36
PRS1318709,86
PRS1318731,5
PRS1318741,26
PRS1318743,20
PRS1318746,58
PRS1318748,49
PRS1318764,237
PRS1318768,21
PRS1318770,11
PRS1318827,669
PRS1318847,349
PRS1318854,76
PRS1318860,8
PRS1318871,385
PRS1318885,50
PRS1318886,373
PRS1318890,203
PRS1318940,122
PRS1318945,502
PRS1318951,504
PRS1318961,35
PRS1318984,12
PRS1318991,78
PRS1318994,3
PRS1319006,40
PRS1319008,133
PRS1319030,19
PRS1319041,6
PRS1319043,22
PRS1319083,3
PRS1319085,898
PRS1319087,0
PRS1319088,165
PRS1319089,191
PRS1319091,32
PRS1319108,10
PRS1319112,3
PRS1319114,5
PRS1319131,12
PRS1319132,11
PRS1319154,22
PRS1319160,50
PRS1319164,9
PRS1319167,9
PRS1319168,69
PRS1319169,59
PRS1319177,40
PRS1319184,20
PRS1319186,89
PRS1319189,23
PRS1319190,17
PRS1319191,4
PRS1319204,0
PRS1319208,4
PRS1319209,50
PRS1319210,2
PRS1319211,19
PRS1319213,2
PRS1319215,9
PRS1319216,41
PRS1319217,18
PRS1319223,36
PRS1319225,25
PRS1319228,21
PRS1319232,124
PRS1319233,423
PRS1319241,6
PRS1319251,45
PRS1319253,59
PRS1319254,15
PRS1319282,27
PRS1319288,59
PRS1319289,78
PRS1319293,5
PRS1319295,20
PRS1319302,131
PRS1319304,65
PRS1319442,2119
PRS1319479,1098
PRS1319581,299
PRS1319582,465
PRS1319610,32
PRS1319620,19
PRS1319635,1
PRS1319706,14
PRS1319716,25
PRS1319725,285
PRS1319734,5
PRS1319786,1003
PRS1319801,743
PRS1319807,8
PRS1319812,0
PRS1319823,1972
PRS1319833,102
PRS1319836,0
PRS1319841,80
PRS1319849,7
PRS1319936,31
PRS1319937,64
PRS1319947,3
PRS1319968,17
PRS1319970,32
PRS1320000,0
PRS1320026,31
PRS1320032,365
PRS1320042,72
PRS1320043,30
PRS1320081,28
PRS1320104,96
PRS1320105,82
PRS1320121,19
PRS1320122,98
PRS1320130,32
PRS1320138,18
PRS1320163,4
PRS1320174,9
PRS1320214,62
PRS1320227,21
PRS1320264,0
PRS1320327,241
PRS1320331,63
PRS1320333,99
PRS1320335,68
PRS1320341,33
PRS1320342,26
PRS1320343,40
PRS1320347,166
PRS1320352,123
PRS1320353,20
PRS1320358,373
PRS1320365,168
PRS1320373,6
PRS1320374,137
PRS1320375,95
PRS1320387,1704
PRS1320388,12
PRS1320389,12
PRS1320393,13
PRS1320404,517
PRS1320406,79
PRS1320632,9
PRS1320644,20
PRS1320647,34
PRS1320651,65
PRS1320701,7
PRS1320704,19
PRS1320711,9
PRS1320716,10
PRS1320718,42
PRS1320745,53
PRS1320752,46
PRS1320753,9
PRS1320766,40
PRS1320767,25
PRS1320768,20
PRS1320769,291
PRS1320772,12
PRS1320783,2
PRS1320784,75
PRS1320788,119
PRS1320795,0
PRS1320806,33
PRS1320807,110
PRS1320810,10
PRS1320811,40
PRS1320816,321
PRS1320822,26
PRS1320835,10
PRS1320845,721
PRS1320850,88
PRS1320880,38
PRS1320902,12
PRS1320904,106
PRS1320905,64
PRS1320918,24
PRS1320941,0
PRS1320990,241
PRS1320993,2
PRS1321008,31
PRS1321027,5
PRS1321070,103
PRS1321071,8
PRS1321075,98
PRS1321076,3
PRS1321079,14
PRS1321088,26
PRS1321093,5
PRS1321103,0
PRS1321121,9
PRS1321143,2
PRS1321145,0
PRS1321146,10
PRS1321147,320
PRS1321163,538
PRS1321173,4
PRS1321176,76
PRS1321190,6
PRS1321202,4
PRS1321215,3592
PRS1321216,327
PRS1321220,47
PRS1321222,39
PRS1321251,100
PRS1321263,56
PRS1321272,30
PRS1321299,15
PRS1321300,5
PRS1321318,95
PRS1321344,9
PRS1321355,8
PRS1321356,152
PRS1321372,1860
PRS1321481,256
PRS1321553,1
PRS1321565,61
PRS1321569,26
PRS1321582,118
PRS1321583,58
PRS1321584,7
PRS1321585,19
PRS1321586,23
PRS1321651,19
PRS1321655,125
PRS1321682,96
PRS1321700,96
PRS1321709,53
PRS1321741,12
PRS1321747,49
PRS1321756,71
PRS1321757,142
PRS1321761,42
PRS1321795,64
PRS1321825,0
PRS1321826,230
PRS1321849,2
PRS1321861,18
PRS1321864,113
PRS1321865,1
PRS1321866,5
PRS1321867,889
PRS1321870,2
PRS1321875,5
PRS1321876,84
PRS1321887,6
PRS1321891,1201
PRS1321892,47
PRS1321893,13
PRS1321897,91
PRS1321898,42
PRS1321919,546
PRS1321926,4988
PRS1321937,35
PRS1321949,36
PRS1321955,133
PRS1321964,17
PRS1321972,7
PRS1321975,7
PRS1321976,41
PRS1321978,40
PRS1321982,37
PRS1321985,3
PRS1321986,254
PRS1321989,2
PRS1321994,5
PRS1321999,8
PRS1322010,33
PRS1322014,132
PRS1322020,0
PRS1322022,11
PRS1322024,2
PRS1322026,1
PRS1322032,363
PRS1322048,33
PRS1322067,4
PRS1322077,45
PRS1322079,58
PRS1322080,94
PRS1322081,8
PRS1322099,69
PRS1322138,104
PRS1322141,6
PRS1322142,24
PRS1322149,571
PRS1322150,16
PRS1322190,77
PRS1322272,111
PRS1322278,31
PRS1322311,704
PRS1322344,16
PRS1322365,25
PRS1322381,73
PRS1322427,5
PRS1322447,83
PRS1322473,3
PRS1322477,163
PRS1322485,93
PRS1322487,470
PRS1322498,3
PRS1322515,63
PRS1322521,33
PRS1322523,339
PRS1322536,5
PRS1322541,10
PRS1322644,10
PRS1322671,27
PRS1322694,91
PRS1322723,10
PRS1322738,372
PRS1322804,2
PRS1322905,18
PRS1322962,324
PRS1322967,7
PRS1322984,11
PRS1323003,380
PRS1323015,19
PRS1323173,88
PRS1323197,10
PRS1323210,359
PRS1323216,64
PRS1323236,20
PRS1323244,21
PRS1323254,8
PRS1323259,44
PRS1323261,124
PRS1323262,79
PRS1323266,155
PRS1323274,49
PRS1323285,108
PRS1323301,0
PRS1323303,17
PRS1323307,57
PRS1323320,831
PRS1323323,13
PRS1323338,2
PRS1323368,20
PRS1323375,7
PRS1323376,1
PRS1323378,20
PRS1323379,79
PRS1323390,4
PRS1323393,267
PRS1323396,8
PRS1323397,17
PRS1323398,8
PRS1323400,162
PRS1323419,22
PRS1323452,65
PRS1323478,41
PRS1323492,121
PRS1323496,73
PRS1323500,4
PRS1323526,30
PRS1323532,11
PRS1323550,141
PRS1323581,6
PRS1323597,0
PRS1323600,5
PRS1323602,60
PRS1323603,34
PRS1323604,78
PRS1323614,12
PRS1323619,60
PRS1323652,73
PRS1323656,14
PRS1323658,57
PRS1323659,114
PRS1323678,147
PRS1323706,5
PRS1323719,19
PRS1323732,8
PRS1323743,10
PRS1323746,814
PRS1323748,1
PRS1323753,326
PRS1323804,6
PRS1323807,0
PRS1323812,983
PRS1323819,38
PRS1323820,190
PRS1323860,76
PRS1323867,22
PRS1323870,2
PRS1323973,0
PRS1323979,151
PRS1323985,23
PRS1324017,10
PRS1324087,416
PRS1324090,66
PRS1324139,11
PRS1324157,65
PRS1324160,3
PRS1324229,14
PRS1324234,0
PRS1324244,3
PRS1324276,186
PRS1324279,55
PRS1324280,1578
PRS1324294,95
PRS1324302,5
PRS1324304,225
PRS1324351,177
PRS1324373,228
PRS1324375,7
PRS1324406,56
PRS1324409,27
PRS1324419,22
PRS1324424,30
PRS1324503,15
PRS1324504,2320
PRS1324505,28
PRS1324508,407
PRS1324515,11
PRS1324533,64
PRS1324552,32
PRS1324568,1407
PRS1324582,118
PRS1324735,131
PRS1324736,48
PRS1324840,14
PRS1324858,4
PRS1324861,3603
PRS1324863,68
PRS1324864,138
PRS1324865,111
PRS1324867,99
PRS1324884,18
PRS1324892,16
PRS1324916,46
PRS1324930,109
PRS1324935,48
PRS1324950,202
PRS1324951,11
PRS1324990,3
PRS1325028,6
PRS1325051,29
PRS1325054,147
PRS1325061,198
PRS1325090,63
PRS1325111,7
PRS1325120,0
PRS1325123,4
PRS1325131,2012
PRS1325133,11
PRS1325140,58
PRS1325151,67
PRS1325171,25
PRS1325178,2
PRS1325180,16
PRS1325181,21
PRS1325187,1
PRS1325195,5
PRS1325196,2
PRS1325198,244
PRS1325202,71
PRS1325204,4
PRS1325206,2
PRS1325207,0
PRS1325209,11
PRS1325211,1
PRS1325218,38
PRS1325219,196
PRS1325220,66
PRS1325224,140
PRS1325227,184
PRS1325232,4
PRS1325236,83
PRS1325239,19
PRS1325248,5
PRS1325250,6
PRS1325253,102
PRS1325262,8
PRS1325264,7
PRS1325267,7
PRS1325304,42
PRS1325307,43
PRS1325333,6
PRS1325341,7
PRS1325364,32
PRS1325365,135
PRS1325366,12
PRS1325375,30
PRS1325377,3
PRS1325389,61
PRS1325419,201
PRS1325421,66
PRS1325427,1
PRS1325432,418
PRS1325443,97
PRS1325444,37
PRS1325463,4
PRS1325471,5
PRS1325493,14
PRS1325494,13
PRS1325495,18
PRS1325508,609
PRS1325524,2
PRS1325525,231
PRS1325526,101
PRS1325555,23
PRS1325557,25
PRS1325637,23
PRS1325642,2
PRS1325651,55
PRS1325652,81
PRS1325654,13
PRS1325655,35
PRS1325659,37
PRS1325661,38
PRS1325665,138
PRS1325689,188
PRS1325691,76
PRS1325694,37
PRS1325709,16
PRS1325714,0
PRS1325754,8
PRS1325766,60
PRS1325774,112
PRS1325788,9
PRS1325792,756
PRS1325796,0
PRS1325808,117
PRS1325827,31
PRS1325873,79
PRS1325876,68
PRS1325877,225
PRS1325883,21
PRS1325893,3
PRS1325937,6
PRS1325950,54
PRS1325952,6
PRS1325953,68
PRS1325960,28
PRS1325961,7
PRS1325977,72
PRS1325984,39
PRS1325989,15
PRS1325993,31
PRS1325999,18
PRS1326007,28
PRS1326009,2
PRS1326010,3
PRS1326011,20
PRS1326012,86
PRS1326017,17
PRS1326032,0
PRS1326034,3
PRS1326049,3
PRS1326054,11
PRS1326061,12
PRS1326063,47
PRS1326070,1
PRS1326072,123
PRS1326074,8
PRS1326076,19
PRS1326077,48
PRS1326082,7
PRS1326086,1
PRS1326089,31
PRS1326107,34
PRS1326112,15
PRS1326127,39
PRS1326131,14
PRS1326149,31
PRS1326168,1
PRS1326176,13
PRS1326197,24
PRS1326198,463
PRS1326199,5
PRS1326219,2
PRS1326252,10
PRS1326255,16
PRS1326268,8
PRS1326269,71
PRS1326273,11
PRS1326300,177
PRS1326365,14
PRS1326366,33
PRS1326367,19
PRS1326462,107
PRS1326463,13
PRS1326501,14
PRS1326511,19
PRS1326529,18
PRS1326537,32
PRS1326539,1
PRS1326617,39
PRS1326647,74
PRS1326650,101
PRS1326651,4
PRS1326652,16
PRS1326654,9
PRS1326672,51
PRS1326673,285
PRS1326720,16
PRS1326743,18
PRS1326744,18
PRS1326783,3
PRS1326785,2576
PRS1326824,60
PRS1326832,205
PRS1326838,73
PRS1326851,714
PRS1326867,59
PRS1326908,0
PRS1326913,15
PRS1326921,205
PRS1326939,628
PRS1326966,40
PRS1326970,67
PRS1326973,75
PRS1326974,0
PRS1326981,10
PRS1326982,27
PRS1326988,21
PRS1326991,4
PRS1326995,1
PRS1326997,31
PRS1326999,11
PRS1327000,21
PRS1327010,98
PRS1327022,9
PRS1327033,145
PRS1327034,44
PRS1327045,5
PRS1327050,14
PRS1327062,112
PRS1327063,15
PRS1327064,4
PRS1327066,9
PRS1327074,10
PRS1327075,4
PRS1327076,18
PRS1327084,56
PRS1327086,13
PRS1327088,432
PRS1327091,26
PRS1327093,66
PRS1327101,21
PRS1327102,11
PRS1327104,46
PRS1327105,28
PRS1327112,56
PRS1327116,23
PRS1327117,11
PRS1327118,78
PRS1327119,26
PRS1327120,27
PRS1327125,8
PRS1327129,147
PRS1327130,28
PRS1327131,121
PRS1327132,2
PRS1327133,295
PRS1327137,92
PRS1327138,7
PRS1327144,21
PRS1327156,648
PRS1327165,170
PRS1327170,24
PRS1327181,370
PRS1327188,594
PRS1327194,179
PRS1327227,44
PRS1327258,17
PRS1327267,103
PRS1327273,47
PRS1327274,7
PRS1327292,9
PRS1327293,70
PRS1327295,65
PRS1327306,103
PRS1327314,40
PRS1327320,25
PRS1327322,14
PRS1327327,3
PRS1327328,0
PRS1327330,78
PRS1327356,54
PRS1327359,308
PRS1327364,203
PRS1327378,14
PRS1327381,405
PRS1327382,481
PRS1327383,0
PRS1327451,449
PRS1327458,15
PRS1327470,10
PRS1327471,0
PRS1327473,77
PRS1327478,7
PRS1327480,12
PRS1327482,14
PRS1327519,43
PRS1327523,1
PRS1327536,82
PRS1327537,94
PRS1327540,39
PRS1327551,21
PRS1327583,114
PRS1327641,89
PRS1327649,486
PRS1327704,55
PRS1327733,1
PRS1327737,98
PRS1327739,5
PRS1327740,12
PRS1327757,3
PRS1327762,48
PRS1327791,133
PRS1327808,67
PRS1327835,13
PRS1327843,5
PRS1327899,14
PRS1327932,33
PRS1327939,13
PRS1327969,276
PRS1327994,220
PRS1327998,25
PRS1328012,16
PRS1328017,41
PRS1328034,33
PRS1328044,68
PRS1328097,13
PRS1328100,73
PRS1328130,118
PRS1328235,3
PRS1328253,41
PRS1328320,205
PRS1328333,17
PRS1328334,99
PRS1328413,39
PRS1328491,132
PRS1328580,234
PRS1328734,10
PRS1328753,3
PRS1328808,2
PRS1328862,27
PRS1328913,4
PRS1328915,40
PRS1328966,35
PRS1328977,20
PRS1329024,1519
PRS1329033,1
PRS1329036,115
PRS1329038,8
PRS1329039,14
PRS1329040,4300
PRS1329164,61
PRS1329165,25
PRS1329166,94
PRS1329170,146
PRS1329175,65
PRS1329178,59
PRS1329214,17
PRS1329250,11
PRS1329257,1
PRS1329261,52
PRS1329276,237
PRS1329277,17
PRS1329282,822
PRS1329322,9
PRS1329340,45
PRS1329341,105
PRS1329363,2
PRS1329405,10
PRS1329414,13
PRS1329489,41
PRS1329504,11
PRS1329512,54
PRS1329519,84
PRS1329623,11
PRS1329630,31
PRS1329635,178
PRS1329647,58
PRS1329649,37
PRS1329650,0
PRS1329667,24
PRS1329669,69
PRS1329670,104
PRS1329671,18
PRS1329805,13
PRS1329838,19
PRS1329843,7
PRS1329940,7
PRS1329941,109
PRS1329952,80
PRS1329953,16
PRS1329965,24
PRS1329967,10000
PRS1329982,173
PRS1329983,99
PRS1330014,578
PRS1330015,90
PRS1330023,0
PRS1330048,21
PRS1330051,2
PRS1330089,4932
PRS1330101,6
PRS1330111,71
PRS1330113,51
PRS1330114,51
PRS1330123,113
PRS1330132,87
PRS1330137,131
PRS1330144,257
PRS1330146,45
PRS1330158,100
PRS1330182,201
PRS1330186,0
PRS1330214,29
PRS1330242,18
PRS1330244,69
PRS1330247,2
PRS1330248,0
PRS1330263,11
PRS1330265,35
PRS1330277,67
PRS1330284,29
PRS1330293,10
PRS1330296,102
PRS1330303,48
PRS1330304,414
PRS1330306,301
PRS1330307,6
PRS1330312,191
PRS1330314,34
PRS1330315,107
PRS1330318,84
PRS1330330,21
PRS1330407,1
PRS1330428,52
PRS1330431,79
PRS1330432,11
PRS1330433,48
PRS1330434,31
PRS1330435,39
PRS1330436,9
PRS1330440,355
PRS1330441,343
PRS1330448,55
PRS1330466,148
PRS1330483,28
PRS1330484,14
PRS1330510,5
PRS1330512,314
PRS1330517,1
PRS1330538,19
PRS1330540,5
PRS1330545,10
PRS1330556,39
PRS1330563,18
PRS1330591,17
PRS1330616,19
PRS1330629,1
PRS1330631,28
PRS1330632,4411
PRS1330633,32
PRS1330634,6
PRS1330635,2
PRS1330636,76
PRS1330638,32
PRS1330651,497
PRS1330673,25
PRS1330688,67
PRS1330689,562
PRS1330707,18
PRS1330709,43
PRS1330749,9
PRS1330760,790
PRS1330780,71
PRS1330786,48
PRS1330796,122
PRS1330817,35
PRS1330840,1
PRS1330841,17
PRS1330850,242
PRS1330869,2
PRS1330874,318
PRS1330876,61
PRS1330881,21
PRS1330891,308
PRS1330895,60
PRS1330906,46
PRS1330971,40
PRS1330972,3
PRS1330973,6
PRS1331009,257
PRS1331043,13
PRS1331122,242
PRS1331123,4
PRS1331126,4
PRS1331145,14
PRS1331149,3
PRS1331188,19
PRS1331196,55
PRS1331198,76
PRS1331209,65
PRS1331236,8
PRS1331270,19
PRS1331279,15
PRS1331310,5
PRS1331312,45
PRS1331315,102
PRS1331316,3
PRS1331350,14
PRS1331352,107
PRS1331353,26
PRS1331357,14
PRS1331358,8
PRS1331360,0
PRS1331364,62
PRS1331370,26
PRS1331371,51
PRS1331372,60
PRS1331373,48
PRS1331378,29
PRS1331385,63
PRS1331424,7
PRS1331425,5
PRS1331430,15
PRS1331452,0
PRS1331472,194
PRS1331477,49
PRS1331486,21
PRS1331498,20
PRS1331503,129
PRS1331532,1
PRS1331535,32
PRS1331545,3
PRS1331548,0
PRS1331562,80
PRS1331566,14
PRS1331571,27
PRS1331579,34
PRS1331581,45
PRS1331582,26
PRS1331585,41
PRS1331595,136
PRS1331600,25
PRS1331615,5
PRS1331621,152
PRS1331627,6432
PRS1331640,40
PRS1331644,29
PRS1331645,22
PRS1331647,9
PRS1331649,21
PRS1331650,8
PRS1331652,9
PRS1331655,63
PRS1331659,8
PRS1331662,7
PRS1331665,20
PRS1331687,36
PRS1331688,10
PRS1331689,53
PRS1331693,27
PRS1331695,70
PRS1331699,69
PRS1331709,79
PRS1331711,59
PRS1331712,28
PRS1331719,423
PRS1331720,67
PRS1331722,5
PRS1331723,21
PRS1331736,77
PRS1331740,1526
PRS1331751,251
PRS1331780,57
PRS1331782,14
PRS1331783,2
PRS1331784,67
PRS1331785,84
PRS1331786,139
PRS1331787,400
PRS1331817,578
PRS1331822,5
PRS1331836,159
PRS1331883,65
PRS1331884,5
PRS1331897,89
PRS1331904,2
PRS1331906,2
PRS1331920,16
PRS1331941,7
PRS1331945,13
PRS1331946,59
PRS1331948,12
PRS1331968,0
PRS1331973,30
PRS1331974,4
PRS1331975,181
PRS1331980,4428
PRS1331982,37
PRS1331983,4
PRS1331984,75
PRS1331986,83
PRS1331990,11
PRS1332002,13
PRS1332016,63
PRS1332055,42
PRS1332063,93
PRS1332073,229
PRS1332134,60
PRS1332178,9
PRS1332182,107
PRS1332186,9
PRS1332199,47
PRS1332200,100
PRS1332201,52
PRS1332202,108
PRS1332234,1
PRS1332245,20
PRS1332248,198
PRS1332249,99
PRS1332250,461
PRS1332254,27
PRS1332256,51
PRS1332269,42
PRS1332278,135
PRS1332285,35
PRS1332288,1020
PRS1332289,69
PRS1332292,0
PRS1332324,83
PRS1332344,38
PRS1332360,48
PRS1332377,53
PRS1332379,149
PRS1332383,59
PRS1332386,9
PRS1332389,393
PRS1332442,83
PRS1332451,18
PRS1332485,9
PRS1332504,8
PRS1332523,24
PRS1332530,5
PRS1332539,14
PRS1332545,20
PRS1332549,97
PRS1332553,27
PRS1332554,5
PRS1332556,46
PRS1332557,133
PRS1332575,87
PRS1332592,45
PRS1332597,12
PRS1332598,10
PRS1332609,19
PRS1332610,27
PRS1332613,94
PRS1332617,12
PRS1332636,13
PRS1332661,10
PRS1332673,14
PRS1332674,70
PRS1332675,4
PRS1332689,222
PRS1332695,3
PRS1332700,289
PRS1332701,0
PRS1332705,75
PRS1332720,64
PRS1332723,59
PRS1332728,7
PRS1332729,68
PRS1332740,10
PRS1332741,6
PRS1332744,34
PRS1332745,36
PRS1332746,7
PRS1332747,20
PRS1332748,31
PRS1332749,20
PRS1332750,102
PRS1332753,7
PRS1332754,44
PRS1332755,205
PRS1332771,131
PRS1332833,27
PRS1332842,2
PRS1332846,45
PRS1332847,6
PRS1332848,4
PRS1332849,5
PRS1332854,12
PRS1332857,0
PRS1332858,131
PRS1332859,0
PRS1332862,3
PRS1332865,41
PRS1332868,2
PRS1332870,35
PRS1332877,3580
PRS1332882,38
PRS1332885,1
PRS1332886,16
PRS1332887,176
PRS1332888,11
PRS1332900,5
PRS1332904,8
PRS1332944,577
PRS1332945,11
PRS1332946,22
PRS1332969,105
PRS1332972,11
PRS1332973,16
PRS1332975,9
PRS1332976,88
PRS1332981,125
PRS1332982,67
PRS1332983,335
PRS1332984,28
PRS1332985,21
PRS1332989,28
PRS1333017,260
PRS1333026,201
PRS1333040,19
PRS1333070,16
PRS1333076,13
PRS1333077,62
PRS1333099,7
PRS1333102,398
PRS1333106,9
PRS1333108,41
PRS1333115,9
PRS1333117,14
PRS1333123,116
PRS1333125,49
PRS1333153,16
PRS1333183,292
PRS1333190,22
PRS1333194,478
PRS1333203,212
PRS1333209,91
PRS1333210,60
PRS1333213,48
PRS1333214,40
PRS1333215,2
PRS1333216,1
PRS1333219,492
PRS1333221,25
PRS1333223,125
PRS1333233,8
PRS1333239,7
PRS1333246,88
PRS1333255,40
PRS1333256,10
PRS1333265,283
PRS1333276,2
PRS1333277,38
PRS1333296,1140
PRS1333308,15
PRS1333309,10
PRS1333310,24
PRS1333312,69
PRS1333321,9
PRS1333326,48
PRS1333327,166
PRS1333340,10
PRS1333371,190
PRS1333374,124
PRS1333375,3
PRS1333388,0
PRS1333390,1382
PRS1333392,106
PRS1333393,85
PRS1333394,54
PRS1333407,9
PRS1333410,56
PRS1333411,49
PRS1333412,88
PRS1333469,91
PRS1333506,37
PRS1333514,151
PRS1333570,41
PRS1333577,39
PRS1333592,30
PRS1333601,10
PRS1333604,32
PRS1333605,14
PRS1333611,7
PRS1333613,11
PRS1333614,0
PRS1333616,3
PRS1333618,39
PRS1333628,147
PRS1333664,16
PRS1333667,36
PRS1333729,7
PRS1333766,28
PRS1333775,10
PRS1333801,0
PRS1333802,762
PRS1333829,9
PRS1333836,119
PRS1333838,62
PRS1333866,43
PRS1333875,8
PRS1333967,1
PRS1333969,15
PRS1333970,104
PRS1333978,51
PRS1333992,38
PRS1333993,20
PRS1333994,31
PRS1334007,2072
PRS1334008,49
PRS1334019,63
PRS1334021,6
PRS1334027,42
PRS1334028,10000
PRS1334039,4
PRS1334041,52
PRS1334043,0
PRS1334047,11
PRS1334078,11
PRS1334080,12
PRS1334094,11
PRS1334095,67
PRS1334108,3
PRS1334124,15
PRS1334126,7
PRS1334127,55
PRS1334141,6
PRS1334157,7
PRS1334159,45
PRS1334167,0
PRS1334176,115
PRS1334185,829
PRS1334199,13
PRS1334200,1
PRS1334201,57
PRS1334202,64
PRS1334203,3
PRS1334204,4
PRS1334205,44
PRS1334206,91
PRS1334231,143
PRS1334235,19
PRS1334238,17
PRS1334246,392
PRS1334250,5
PRS1334336,98
PRS1334341,53
PRS1334342,12
PRS1334343,28
PRS1334344,36
PRS1334355,56
PRS1334431,2
PRS1334432,135
PRS1334433,42
PRS1334434,11
PRS1334450,70
PRS1334501,16
PRS1334584,111
PRS1334587,5
PRS1334639,100
PRS1334640,3
PRS1334641,29
PRS1334709,2
PRS1334712,9
PRS1334717,3
PRS1334826,0
PRS1334992,20
PRS1334993,11
PRS1335189,7
PRS1335212,94
PRS1335214,1
PRS1335219,9
PRS1335221,6
PRS1335223,17
PRS1335224,29
PRS1335225,7
PRS1335226,16
PRS1335236,5
PRS1335240,40
PRS1335241,26
PRS1335245,38
PRS1335265,1
PRS1335337,350
PRS1335352,80
PRS1335356,9
PRS1335362,52
PRS1335363,30
PRS1335404,22
PRS1335449,12
PRS1335455,28
PRS1335460,21
PRS1335462,56
PRS1335463,45
PRS1335484,285
PRS1335486,395
PRS1335488,4
PRS1335490,7
PRS1335535,6
PRS1335536,7
PRS1335541,42
PRS1335548,47
PRS1335551,9
PRS1335552,2
PRS1335553,43
PRS1335554,2
PRS1335557,1
PRS1335566,6
PRS1335569,10
PRS1335581,3
PRS1335582,10
PRS1335593,29
PRS1335602,6
PRS1335613,46
PRS1335630,409
PRS1335639,56
PRS1335647,10
PRS1335652,0
PRS1335654,3
PRS1335655,18
PRS1335656,9
PRS1335657,0
PRS1335659,17
PRS1335660,7
PRS1335674,29
PRS1335675,9
PRS1335685,29
PRS1335688,13
PRS1335692,13
PRS1335707,87
PRS1335710,167
PRS1335716,2
PRS1335719,39
PRS1335721,15
PRS1335723,1
PRS1335724,4
PRS1335725,11
PRS1335726,97
PRS1335728,21
PRS1335731,158
PRS1335734,6
PRS1335736,11
PRS1335738,31
PRS1335739,48
PRS1335745,110
PRS1335746,465
PRS1335747,2
PRS1335753,2
PRS1335754,23
PRS1335755,10
PRS1335773,0
PRS1335793,19
PRS1335801,130
PRS1335802,4
PRS1335804,2
PRS1335817,35
PRS1335819,12
PRS1335825,284
PRS1335826,24
PRS1335830,15
PRS1335836,55
PRS1335865,2
PRS1335866,46
PRS1335868,46
PRS1335869,104
PRS1335870,86
PRS1335871,13
PRS1335892,6
PRS1335893,14
PRS1335899,9
PRS1335900,1
PRS1335901,20
PRS1335902,361
PRS1335911,22
PRS1335931,203
PRS1335934,114
PRS1335938,2
PRS1336001,74
PRS1336002,9
PRS1336003,0
PRS1336005,105
PRS1336006,33
PRS1336023,87
PRS1336030,13
PRS1336037,48
PRS1336041,15
PRS1336051,57
PRS1336052,25
PRS1336069,3
PRS1336071,4
PRS1336072,88
PRS1336074,217
PRS1336075,54
PRS1336076,32
PRS1336077,7
PRS1336080,21
PRS1336081,48
PRS1336090,157
PRS1336093,4
PRS1336097,3
PRS1336100,4
PRS1336106,53
PRS1336112,74
PRS1336115,1
PRS1336120,27
PRS1336121,11
PRS1336124,2
PRS1336126,3
PRS1336127,5
PRS1336129,95
PRS1336143,220
PRS1336145,46
PRS1336170,4
PRS1336172,57
PRS1336174,50
PRS1336178,77
PRS1336179,99
PRS1336194,25
PRS1336196,2
PRS1336199,2
PRS1336200,0
PRS1336203,10000
PRS1336204,189
PRS1336207,5
PRS1336208,720
PRS1336214,6
PRS1336216,18
PRS1336222,68
PRS1336225,8
PRS1336241,16
PRS1336250,84
PRS1336307,2
PRS1336348,11
PRS1336350,0
PRS1336351,11
PRS1336365,1
PRS1336368,5
PRS1336432,307
PRS1336439,0
PRS1336543,1
PRS1336544,958
PRS1336545,90
PRS1336548,39
PRS1336549,0
PRS1336560,32
PRS1336563,0
PRS1336584,10
PRS1336619,46
PRS1336783,9
PRS1336807,48
PRS1336825,0
PRS1336878,97
PRS1336880,3
PRS1336881,6
PRS1337025,23
PRS1337040,10
PRS1337232,3
PRS1337383,26
PRS1337452,711
PRS1337485,97
PRS1337499,6
PRS1337536,30
PRS1337574,68
PRS1337642,112
PRS1337718,28
PRS1337841,51
PRS1337844,796
PRS1337845,15
PRS1337846,0
PRS1337863,0
PRS1337864,148
PRS1337868,59
PRS1337936,0
PRS1337939,60
PRS1337940,96
PRS1338083,5
PRS1338117,27
PRS1338255,1
PRS1338640,98
PRS1338653,7
PRS1338679,366
PRS1338687,10
PRS1338694,14
PRS1338791,49
PRS1338934,2014
PRS1338959,88
PRS1339340,2
PRS1339445,65
PRS1339464,7
PRS1339465,17
PRS1339476,1
PRS1339479,13
PRS1339480,40
PRS1339789,13
PRS1339932,49
PRS1340002,23
PRS1340007,7
PRS1340060,61
PRS1340063,35
PRS1340067,4
PRS1340068,111
PRS1340069,11
PRS1340070,69
PRS1340071,16
PRS1340073,3
PRS1340075,82
PRS1340098,2
PRS1340099,235
PRS1340150,223
PRS1340153,21
PRS1340156,1558
PRS1340202,21
PRS1340238,4
PRS1340279,63
PRS1340280,3
PRS1340281,2
PRS1340285,333
PRS1340353,63
PRS1340431,26
PRS1340472,20
PRS1340503,283
PRS1340504,0
PRS1340543,155
PRS1340572,18
PRS1340573,83
PRS1340575,35
PRS1340619,30
PRS1340717,136
PRS1340719,210
PRS1340849,49
PRS1340880,21
PRS1340881,46
PRS1340885,47
PRS1340887,6
PRS1340889,16
PRS1340890,6
PRS1340891,6
PRS1340893,65
PRS1340901,1049
PRS1340904,4
PRS1340905,22
PRS1340910,73
PRS1340969,115
PRS1340974,7
PRS1340976,22
PRS1340978,0
PRS1340979,11
PRS1340991,18
PRS1340992,8
PRS1340993,27
PRS1340994,9
PRS1341009,246
PRS1341015,8
PRS1341018,972
PRS1341034,126
PRS1341035,1
PRS1341036,3
PRS1341037,6
PRS1341038,40
PRS1341039,15
PRS1341040,220
PRS1341041,32
PRS1341042,40
PRS1341046,28
PRS1341047,86
PRS1341048,80
PRS1341049,10
PRS1341063,16
PRS1341138,1
PRS1341170,12
PRS1341173,4
PRS1341176,71
PRS1341177,32
PRS1341178,45
PRS1341199,17
PRS1341205,19
PRS1341236,11
PRS1341238,4733
PRS1341260,4
PRS1341281,5
PRS1341287,184
PRS1341289,10
PRS1341290,30
PRS1341291,19
PRS1341364,39
PRS1341381,0
PRS1341394,37
PRS1341474,2
PRS1341527,5
PRS1341544,46
PRS1341551,15
PRS1341557,0
PRS1341558,1211
PRS1341569,0
PRS1341578,22
PRS1341595,11
PRS1341596,11
PRS1341597,12
PRS1341605,33
PRS1341607,8
PRS1341608,20
PRS1341611,1
PRS1341612,22
PRS1341613,5
PRS1341616,0
PRS1341669,84
PRS1341680,784
PRS1341704,3
PRS1341711,17
PRS1341715,18
PRS1341720,13
PRS1341748,5
PRS1341750,84
PRS1341753,66
PRS1341779,6
PRS1341844,4
PRS1341849,1
PRS1341886,3
PRS1341897,25
PRS1341898,162
PRS1341955,21
PRS1342146,14
PRS1342148,4
PRS1342153,55
PRS1342168,1
PRS1342181,160
PRS1342182,135
PRS1342195,0
PRS1342202,3
PRS1342205,17
PRS1342207,9
PRS1342210,9
PRS1342225,22
PRS1342261,2
PRS1342262,4
PRS1342275,0
PRS1342280,9
PRS1342291,0
PRS1342292,14
PRS1342311,91
PRS1342320,0
PRS1342334,12
PRS1342341,64
PRS1342353,54
PRS1342493,0
PRS1342502,10
PRS1342672,11
PRS1342765,0
PRS1343003,124
PRS1343310,81
PRS1343335,30
PRS1343339,79
PRS1343341,3
PRS1343343,3
PRS1343344,180
PRS1343345,99
PRS1343353,35
PRS1343354,81
PRS1343461,30
PRS1343599,1
PRS1343600,197
PRS1343601,10
PRS1343602,19
PRS1343603,6
PRS1343610,69
PRS1343725,0
PRS1343729,17
PRS1343879,1
PRS1343881,26
PRS1343882,15
PRS1343885,7
PRS1343887,91
PRS1343904,8
PRS1343912,21
PRS1343939,3
PRS1343954,27
PRS1344014,13
PRS1344158,165
PRS1344313,69
PRS1344314,12
PRS1344330,4
PRS1344379,19
PRS1344388,50
PRS1344393,31
PRS1344473,62
PRS1344582,14
PRS1344589,14
PRS1344610,24
PRS1344647,29
PRS1344773,3
PRS1344786,16
PRS1344994,5
PRS1344999,46
PRS1345080,107
PRS1345131,18
PRS1345452,7
PRS1345650,84
PRS1345832,1
PRS1345877,15
PRS1345947,3
PRS1346442,3
PRS1347286,61
PRS1347411,67
PRS1347472,15
PRS1347673,3
PRS1347857,42
PRS1347897,82
PRS1347973,96
PRS1348077,36
PRS1348079,7
PRS1348084,16
PRS1348142,1133
PRS1348143,102
PRS1348169,838
PRS1348172,14
PRS1348174,31
PRS1348229,18
PRS1348240,10
PRS1348241,2
PRS1348273,3
PRS1348335,11
PRS1348338,6
PRS1348339,92
PRS1348343,61
PRS1348353,0
PRS1348425,5
PRS1348484,5
PRS1348485,0
PRS1348487,79
PRS1348493,12
PRS1348494,1023
PRS1348521,5
PRS1348529,160
PRS1348530,8
PRS1348575,14
PRS1348577,102
PRS1348578,6
PRS1348659,532
PRS1348678,2
PRS1348730,0
PRS1348857,19
PRS1348866,8
PRS1348882,2
PRS1348886,1
PRS1348889,24
PRS1348893,38
PRS1348895,6
PRS1348902,5
PRS1348939,80
PRS1348942,44
PRS1348948,0
PRS1348957,0
PRS1349009,1062
PRS1349039,25
PRS1349172,13
PRS1349173,3
PRS1349174,7
PRS1349175,0
PRS1349195,13
PRS1349196,2
PRS1349197,39
PRS1349605,54
PRS1349606,21
PRS1349617,2247
PRS1349618,87
PRS1349619,15
PRS1349630,11
PRS1349646,15
PRS1349647,3
PRS1349666,0
PRS1349689,21
PRS1349690,5
PRS1349730,17
PRS1349731,109
PRS1349732,0
PRS1349751,415
PRS1349753,84
PRS1349755,15
PRS1349756,83
PRS1349758,40
PRS1349791,102
PRS1349792,36
PRS1349816,7
PRS1349817,10
PRS1349826,41
PRS1350308,62
PRS1350328,2
PRS1350330,1
PRS1350347,136
PRS1350349,19
PRS1350409,4
PRS1350410,126
PRS1350412,267
PRS1350426,155
PRS1350588,74
PRS1350660,3
PRS1350661,24
PRS1350663,57
PRS1350664,37
PRS1350665,13
PRS1350711,10
PRS1350759,3
PRS1350763,4
PRS1350774,5839
PRS1350780,128
PRS1350781,463
PRS1350809,1926
PRS1350935,7
PRS1350937,4
PRS1350976,425
PRS1350977,38
PRS1350978,8
PRS1350979,1
PRS1350980,15
PRS1350981,16
PRS1350982,0
PRS1350983,10
PRS1350984,7
PRS1350985,0
PRS1350986,26
PRS1350988,5
PRS1351010,0
PRS1351012,98
PRS1351014,10
PRS1351016,48
PRS1351017,100
PRS1351026,101
PRS1351051,3
PRS1351069,0
PRS1351074,1219
PRS1351100,25
PRS1351111,10
PRS1351120,82
PRS1351121,58
PRS1351132,129
PRS1351147,428
PRS1351168,14
PRS1351169,18
PRS1351181,29
PRS1351211,12
PRS1351215,231
PRS1351219,1
PRS1351241,0
PRS1351247,30
PRS1351248,0
PRS1351252,6
PRS1351265,20
PRS1351276,21
PRS1351278,6
PRS1351279,10
PRS1351284,16
PRS1351293,4
PRS1351294,0
PRS1351298,143
PRS1351300,34
PRS1351302,7
PRS1351306,0
PRS1351307,159
PRS1351308,0
PRS1351310,4
PRS1351312,0
PRS1351353,4
PRS1351354,54
PRS1351355,31
PRS1351359,450
PRS1351360,4
PRS1351364,0
PRS1351382,471
PRS1351408,48
PRS1351410,12
PRS1351411,13
PRS1351416,1
PRS1351422,15
PRS1351426,19
PRS1351427,40
PRS1351455,6
PRS1351460,372
PRS1351461,13
PRS1351462,2
PRS1351466,1
PRS1351475,1
PRS1351477,12
PRS1351481,19
PRS1351497,17
PRS1351503,21
PRS1351506,16
PRS1351517,4
PRS1351518,9
PRS1351521,10
PRS1351522,10
PRS1351523,17
PRS1351524,38
PRS1351525,19
PRS1351528,0
PRS1351529,31
PRS1351530,853
PRS1351531,9
PRS1351532,135
PRS1351533,56
PRS1351539,1256
PRS1351541,34
PRS1351561,21
PRS1351570,39
PRS1351594,17
PRS1351596,5
PRS1351597,0
PRS1351617,7
PRS1351619,9
PRS1351620,9
PRS1351621,40
PRS1351625,252
PRS1351626,63
PRS1351725,68
PRS1351739,0
PRS1351740,52
PRS1351741,8
PRS1351743,1
PRS1351744,36
PRS1351745,23
PRS1351746,109
PRS1351747,1
PRS1351748,46
PRS1351764,1520
PRS1351765,64
PRS1351771,5
PRS1351777,55
PRS1351779,1703
PRS1351786,21
PRS1351804,23
